{"credit":"MadewithBlockbench","texture_size":[32,32],"textures":{"0":"blocks/arcade/horns","1":"blocks/arcade/wings","2":"blocks/arcade/dragon","3":"blocks/arcade/pawsandtail","4":"blocks/arcade/texture","particle":"blocks/arcade/horns"},"elements":[{"name":"Head","from":[-0.52768,8.16847,2.897],"to":[9.67832,18.37447,13.103],"rotation":{"angle":0,"axis":"y","origin":[26.68832,35.38447,30.113]},"faces":{"north":{"uv":[3.5,0,7,3.5],"texture":"#2"},"east":{"uv":[12,0,15.5,3.5],"texture":"#2"},"south":{"uv":[7,0,10.5,3.5],"texture":"#2"},"west":{"uv":[0,0,3.5,3.5],"texture":"#2"},"up":{"uv":[0,3.5,3.5,7],"texture":"#2"},"down":{"uv":[0,3.5,3.5,7],"texture":"#2"}}},{"name":"Body","from":[12.05972,6.63757,3.7475],"to":[19.71422,21.09607,12.2525],"rotation":{"angle":22.5,"axis":"z","origin":[38.42522,-6.11993,30.113]},"faces":{"north":{"uv":[0,11.5,5,14.5],"rotation":270,"texture":"#2"},"east":{"uv":[5,11.5,10,14.5],"rotation":90,"texture":"#2"},"south":{"uv":[5,8.5,10,11.5],"rotation":90,"texture":"#2"},"west":{"uv":[0,8.5,5,11.5],"rotation":90,"texture":"#2"},"up":{"uv":[0,8.5,1.5,11.5],"rotation":90,"texture":"#2"},"down":{"uv":[2.5,8.5,5,11.5],"texture":"#2"}}},{"from":[-7.33168,16.92862,8.5103],"to":[-7.33168,27.47807,17.3555],"rotation":{"angle":-22.5,"axis":"y","origin":[19.88432,44.14462,34.3655]},"faces":{"north":{"uv":[0,0,0,1.5],"texture":"#0"},"east":{"uv":[4.5,6,7.5,9.505],"texture":"#0"},"south":{"uv":[0,0,0,1.5],"texture":"#0"},"west":{"uv":[0.5,6,3.5,9.505],"texture":"#0"},"up":{"uv":[0,0,0,1.5],"texture":"#0"},"down":{"uv":[0,0,0,1.5],"texture":"#0"}}},{"from":[-7.33168,16.92862,-1.3555],"to":[-7.33168,27.47807,7.4897],"rotation":{"angle":22.5,"axis":"y","origin":[19.88432,44.14462,-18.3655]},"faces":{"north":{"uv":[0,0,0,1.5],"texture":"#0"},"east":{"uv":[0.5,6,3.5,9.505],"texture":"#0"},"south":{"uv":[0,0,0,1.5],"texture":"#0"},"west":{"uv":[3.5,6,0.5,9.5005],"texture":"#0"},"up":{"uv":[0,1.5,0,0],"texture":"#0"},"down":{"uv":[0,1.5,0,0],"texture":"#0"}}},{"from":[19.88432,-15.64553,4.598],"to":[25.83782,-8.84153,11.402],"rotation":{"angle":-22.5,"axis":"z","origin":[47.10032,11.57047,31.814]},"faces":{"north":{"uv":[0.5,3,2.5,5.5],"texture":"#3"},"east":{"uv":[9.5,0,11.5,2.5],"rotation":90,"texture":"#3"},"south":{"uv":[0,3,2,5.5],"texture":"#3"},"west":{"uv":[0,0,1,1],"texture":"#3"},"up":{"uv":[13,4,15,6.5],"texture":"#3"},"down":{"uv":[14,0,16,2.5],"texture":"#3"}}},{"from":[17.16272,-5.09933,5.4485],"to":[22.26572,0.00367,10.5515],"rotation":{"angle":0,"axis":"y","origin":[42.67772,21.26617,31.814]},"faces":{"north":{"uv":[1,2,2,3],"texture":"#3"},"east":{"uv":[3.5,4,4,4.5],"texture":"#3"},"south":{"uv":[0.5,2.5,1.5,3.5],"texture":"#3"},"west":{"uv":[0,0,0.75,0.75],"texture":"#3"},"up":{"uv":[1,2.5,1.5,3],"texture":"#3"},"down":{"uv":[11.5,0,14,2.5],"texture":"#3"}}},{"from":[10.35872,3.40567,6.299],"to":[13.76072,6.80767,9.701],"rotation":{"angle":22.5,"axis":"z","origin":[35.87372,28.92067,31.814]},"faces":{"north":{"uv":[3.5,4,4,4.5],"texture":"#3"},"east":{"uv":[3.5,4,4,4.5],"texture":"#3"},"south":{"uv":[3.5,4,4,4.5],"texture":"#3"},"west":{"uv":[3.5,4,4,4.5],"texture":"#3"},"up":{"uv":[3.5,4,4,4.5],"texture":"#3"},"down":{"uv":[3.5,4,4,4.5],"texture":"#3"}}},{"from":[-9.20278,7.48807,12.2525],"to":[-1.54828,10.89007,15.6545],"rotation":{"angle":22.5,"axis":"z","origin":[9.50822,34.70407,32.6645]},"faces":{"north":{"uv":[0,4.5,2.5,5.5],"texture":"#3"},"east":{"uv":[0,0,0.5,0.5],"texture":"#3"},"south":{"uv":[0,3.5,2.5,4.5],"texture":"#3"},"west":{"uv":[0,3.5,0.5,4.5],"texture":"#3"},"up":{"uv":[2.5,3.5,5,4.5],"texture":"#3"},"down":{"uv":[2.5,4.5,5,5.5],"texture":"#3"}}},{"from":[-9.20278,7.48807,0.3455],"to":[-1.54828,10.89007,3.7475],"rotation":{"angle":22.5,"axis":"z","origin":[9.50822,34.70407,20.7575]},"faces":{"north":{"uv":[0,4.5,2.5,5.5],"texture":"#3"},"east":{"uv":[0,0,0.5,0.5],"texture":"#3"},"south":{"uv":[0,3.5,2.5,4.5],"texture":"#3"},"west":{"uv":[0,3.5,0.5,4.5],"texture":"#3"},"up":{"uv":[2.5,3.5,5,4.5],"texture":"#3"},"down":{"uv":[2.5,4.5,5,5.5],"texture":"#3"}}},{"from":[-5.29048,-0.25148,12.2525],"to":[0.66302,1.87477,15.6545],"rotation":{"angle":22.5,"axis":"z","origin":[18.52352,26.96452,42.02]},"faces":{"north":{"uv":[0,8.5,2.5,9.5],"texture":"#3"},"east":{"uv":[0,9.5,1.5,10.5],"texture":"#3"},"south":{"uv":[1.5,7.5,4,8.5],"texture":"#3"},"west":{"uv":[0,7.5,1.5,8.5],"texture":"#3"},"up":{"uv":[0,13,2.5,14.5],"texture":"#3"},"down":{"uv":[0,14.5,2.5,16],"texture":"#3"}}},{"from":[8.82782,-3.99368,0.3455],"to":[15.63182,2.81032,3.7475],"rotation":{"angle":0,"axis":"y","origin":[32.64182,23.22232,30.113]},"faces":{"north":{"uv":[0,0,2.5,2.5],"texture":"#3"},"east":{"uv":[2,0,2.5,2.5],"texture":"#3"},"south":{"uv":[0,0,2.5,2.5],"texture":"#3"},"west":{"uv":[0,0,1.5,2.5],"texture":"#3"},"up":{"uv":[0,0,0.5,0.5],"texture":"#3"},"down":{"uv":[0,1,2.5,2.5],"texture":"#3"}}},{"from":[8.82782,-3.99368,12.2525],"to":[15.63182,2.81032,15.6545],"rotation":{"angle":0,"axis":"y","origin":[32.64182,23.22232,42.02]},"faces":{"north":{"uv":[0,0,2.5,2.5],"texture":"#3"},"east":{"uv":[0,0,0.5,2.5],"texture":"#3"},"south":{"uv":[0,0,2.5,2.5],"texture":"#3"},"west":{"uv":[1,0,2.5,2.5],"texture":"#3"},"up":{"uv":[3.5,4,4,4.5],"texture":"#3"},"down":{"uv":[0,1,2.5,2.5],"rotation":180,"texture":"#3"}}},{"from":[-5.29048,-0.25148,0.3455],"to":[0.66302,1.87477,3.7475],"rotation":{"angle":22.5,"axis":"z","origin":[18.52352,26.96452,30.113]},"faces":{"north":{"uv":[0,8.5,2.5,9.5],"texture":"#3"},"east":{"uv":[0,9.5,1.5,10.5],"texture":"#3"},"south":{"uv":[1.5,7.5,4,8.5],"texture":"#3"},"west":{"uv":[0,7.5,1.5,8.5],"texture":"#3"},"up":{"uv":[0,13,2.5,14.5],"texture":"#3"},"down":{"uv":[0,14.5,2.5,16],"texture":"#3"}}},{"from":[18.86372,16.84357,10.5515],"to":[31.62122,22.47807,10.5515],"rotation":{"angle":22.5,"axis":"z","origin":[45.22922,-2.71793,28.412]},"faces":{"north":{"uv":[0.5,0.5,3,4.5],"rotation":270,"texture":"#1"},"east":{"uv":[0,0,1.125,0],"rotation":90,"texture":"#1"},"south":{"uv":[0.5,5,3,9],"rotation":270,"texture":"#1"},"west":{"uv":[0,0,1.125,0],"rotation":90,"texture":"#1"},"up":{"uv":[0,0,0,1.875],"rotation":90,"texture":"#1"},"down":{"uv":[0,0,0,1.875],"rotation":90,"texture":"#1"}}},{"from":[18.86372,16.84357,5.4485],"to":[31.62122,22.47807,5.4485],"rotation":{"angle":22.5,"axis":"z","origin":[45.22922,-2.71793,23.309]},"faces":{"north":{"uv":[0.5,0.5,3,4.5],"rotation":270,"texture":"#1"},"east":{"uv":[0,0,1.125,0],"rotation":90,"texture":"#1"},"south":{"uv":[0.5,5,3,9],"rotation":270,"texture":"#1"},"west":{"uv":[0,0,1.125,0],"rotation":90,"texture":"#1"},"up":{"uv":[0,0,0,1.875],"rotation":90,"texture":"#1"},"down":{"uv":[0,0,0,1.875],"rotation":90,"texture":"#1"}}},{"from":[5.68652,7.8283,-2.36856],"to":[7.38752,9.5293,-0.66756],"rotation":{"angle":0,"axis":"y","origin":[32.90252,35.0443,24.84744]},"faces":{"north":{"uv":[15,0,16,1],"texture":"#4"},"east":{"uv":[15,0,16,1],"texture":"#4"},"south":{"uv":[15,0,16,1],"texture":"#4"},"west":{"uv":[15,0,16,1],"texture":"#4"},"up":{"uv":[15,0,16,1],"texture":"#4"},"down":{"uv":[15,0,16,1],"texture":"#4"}}},{"from":[14.24332,1.8283,17.63144],"to":[15.94432,3.5293,19.33244],"rotation":{"angle":0,"axis":"y","origin":[27.45932,35.0443,24.84744]},"faces":{"north":{"uv":[15,0,16,1],"texture":"#4"},"east":{"uv":[15,0,16,1],"texture":"#4"},"south":{"uv":[15,0,16,1],"texture":"#4"},"west":{"uv":[15,0,16,1],"texture":"#4"},"up":{"uv":[15,0,16,1],"texture":"#4"},"down":{"uv":[15,0,16,1],"texture":"#4"}}},{"from":[0.58352,-8.24615,15.54244],"to":[3.98552,7.06285,15.54244],"rotation":{"angle":0,"axis":"y","origin":[28.65002,18.96985,43.55744]},"faces":{"north":{"uv":[0,4,3,16],"texture":"#4"},"east":{"uv":[0,0,0,2.25],"texture":"#4"},"south":{"uv":[0,4,3,16],"texture":"#4"},"west":{"uv":[0,0,0,2.25],"texture":"#4"},"up":{"uv":[0,0,0.5,0],"texture":"#4"},"down":{"uv":[0,0,0.5,0],"texture":"#4"}}},{"from":[2.62472,-9.40395,15.54244],"to":[6.02672,5.90505,15.54244],"rotation":{"angle":0,"axis":"y","origin":[30.69122,22.71205,43.55744]},"faces":{"north":{"uv":[0,4,3,16],"texture":"#4"},"east":{"uv":[0,0,0,2.25],"texture":"#4"},"south":{"uv":[0,4,3,16],"texture":"#4"},"west":{"uv":[0,0,0,2.25],"texture":"#4"},"up":{"uv":[0,0,0.5,0],"texture":"#4"},"down":{"uv":[0,0,0.5,0],"texture":"#4"}}},{"from":[11.12972,-11.30795,4.43444],"to":[14.53172,4.00105,4.43444],"rotation":{"angle":0,"axis":"y","origin":[39.19622,15.90805,29.94944]},"faces":{"north":{"uv":[0,4,3,16],"texture":"#4"},"east":{"uv":[0,0,0,2.25],"texture":"#4"},"south":{"uv":[0,4,3,16],"texture":"#4"},"west":{"uv":[0,0,0,2.25],"texture":"#4"},"up":{"uv":[0,0,0.5,0],"texture":"#4"},"down":{"uv":[0,0,0.5,0],"texture":"#4"}}}],"display":{"thirdperson_righthand":{"rotation":[90,-90,0],"translation":[-6,-17,13.5],"scale":[2.2,2.2,2.2]},"firstperson_righthand":{"translation":[3.5,5,0]},"firstperson_lefthand":{"rotation":[0,-180,0],"translation":[3.25,6,0.75]},"ground":{"translation":[0,5,0]},"gui":{"rotation":[18,144,0],"translation":[-1.5,6,0],"scale":[1.3,1.3,1.3]},"fixed":{"translation":[2,8.25,0],"scale":[2,2,2]}},"groups":[0,1,{"name":"Horns","origin":[9.5,14.575,0.25],"children":[2,3]},{"name":"Tail","origin":[14.2,10.1,15],"children":[4,5,6]},{"name":"Paws","origin":[12.5,7.925,14.5],"children":[7,8,9,10,11,12]},{"name":"Wings","origin":[16.95,0.8,12.5],"children":[13,14]},15,16,17,18,19]}