{"credit":"MadewithBlockbench","texture_size":[128,128],"textures":{"0":"blocks/ork/ork_king","particle":"blocks/ork/ork_king"},"elements":[{"from":[3.96,20.96,3.96],"to":[12.04,24.04,12.04],"rotation":{"angle":0,"axis":"y","origin":[12,20,12]},"faces":{"north":{"uv":[0.625,7.125,1.625,7.5],"texture":"#0"},"east":{"uv":[1.625,7.125,2.625,7.5],"texture":"#0"},"south":{"uv":[2.625,7.125,3.625,7.5],"texture":"#0"},"west":{"uv":[7.25,0,8.25,0.375],"texture":"#0"},"up":{"uv":[2,5.125,1,4.125],"texture":"#0"},"down":{"uv":[5.25,4.25,4.25,5.25],"texture":"#0"}}},{"from":[6.96,21.96,6.96],"to":[9.04,25.04,9.04],"rotation":{"angle":0,"axis":"y","origin":[12,21,12]},"faces":{"north":{"uv":[3.875,8.25,4.125,8.625],"texture":"#0"},"east":{"uv":[4.125,8.25,4.375,8.625],"texture":"#0"},"south":{"uv":[4.375,8.25,4.625,8.625],"texture":"#0"},"west":{"uv":[4.625,8.25,4.875,8.625],"texture":"#0"},"up":{"uv":[3.5,8.625,3.25,8.375],"texture":"#0"},"down":{"uv":[6,8.375,5.75,8.625],"texture":"#0"}}},{"from":[5.96,24.46,7.46],"to":[10.04,27.54,13.54],"rotation":{"angle":-22.5,"axis":"x","origin":[8,26,11.5]},"faces":{"north":{"uv":[7.875,3.375,8.375,3.75],"texture":"#0"},"east":{"uv":[0.875,7.5,1.625,7.875],"texture":"#0"},"south":{"uv":[2.75,8,3.25,8.375],"texture":"#0"},"west":{"uv":[1.625,7.5,2.375,7.875],"texture":"#0"},"up":{"uv":[6.75,7.875,6.25,7.125],"texture":"#0"},"down":{"uv":[5.5,7.25,5,8],"texture":"#0"}}},{"from":[7.96,27.46,7.46],"to":[8.04,30.54,13.54],"rotation":{"angle":-22.5,"axis":"x","origin":[8,26,11.5]},"faces":{"east":{"uv":[9.9995,2.49963,10.75913,2.88413],"texture":"#0"},"west":{"uv":[5.5,7.5,6.25,7.875],"texture":"#0"}}},{"from":[6.46,21.46,11.46],"to":[9.54,26.54,14.54],"rotation":{"angle":-22.5,"axis":"x","origin":[8.5,26,11.5]},"faces":{"north":{"uv":[1.5,6.125,1.875,6.75],"texture":"#0"},"east":{"uv":[7.25,7.625,7.625,8.25],"texture":"#0"},"south":{"uv":[7.625,7.625,8,8.25],"texture":"#0"},"west":{"uv":[7.625,0.375,8,1],"texture":"#0"},"up":{"uv":[6.375,2,6,1.625],"texture":"#0"},"down":{"uv":[3.625,8,3.25,8.375],"texture":"#0"}}},{"from":[7.46,15.46,11.46],"to":[8.54,21.54,14.54],"rotation":{"angle":-22.5,"axis":"x","origin":[9.5,26,11.5]},"faces":{"north":{"uv":[1,1.875,1.125,2.75],"texture":"#0"},"east":{"uv":[3.625,7.375,4,8.25],"texture":"#0"},"south":{"uv":[4.125,4.375,4.25,5.25],"texture":"#0"},"west":{"uv":[4,7.375,4.375,8.25],"texture":"#0"},"up":{"uv":[7,8.875,6.875,8.5],"texture":"#0"},"down":{"uv":[7.125,8.5,7,8.875],"texture":"#0"}}},{"from":[7.96,12.46,9.46],"to":[8.04,27.54,18.54],"rotation":{"angle":-22.5,"axis":"x","origin":[9,26,11.5]},"faces":{"east":{"uv":[10.24975,0,11.38425,1.885],"texture":"#0"},"west":{"uv":[1.125,1.125,2.25,3],"texture":"#0"}}},{"from":[1.12789,19.77211,6.95],"to":[5.22789,21.87211,9.05],"rotation":{"angle":0,"axis":"y","origin":[5.17789,17.82211,15]},"faces":{"north":{"uv":[8,4.875,8.5,5.125],"texture":"#0"},"east":{"uv":[8.25,4.125,8.5,4.375],"texture":"#0"},"south":{"uv":[8,5.125,8.5,5.375],"texture":"#0"},"west":{"uv":[8.25,5.875,8.5,6.125],"texture":"#0"},"up":{"uv":[8.5,5.625,8,5.375],"texture":"#0"},"down":{"uv":[8.5,5.625,8,5.875],"texture":"#0"}}},{"from":[10.77211,19.77211,6.95],"to":[14.87211,21.87211,9.05],"rotation":{"angle":0,"axis":"y","origin":[10.82211,17.82211,15]},"faces":{"north":{"uv":[8.5,4.875,8,5.125],"texture":"#0"},"east":{"uv":[8.5,5.875,8.25,6.125],"texture":"#0"},"south":{"uv":[8.5,5.125,8,5.375],"texture":"#0"},"west":{"uv":[8.5,4.125,8.25,4.375],"texture":"#0"},"up":{"uv":[8,5.625,8.5,5.375],"texture":"#0"},"down":{"uv":[8,5.625,8.5,5.875],"texture":"#0"}}},{"from":[-1.05,21.95,6.95],"to":[1.05,25.05,9.05],"rotation":{"angle":0,"axis":"y","origin":[5,18,15]},"faces":{"north":{"uv":[6.125,8.125,6.375,8.5],"texture":"#0"},"east":{"uv":[6.625,8.125,6.875,8.5],"texture":"#0"},"south":{"uv":[6.875,8.125,7.125,8.5],"texture":"#0"},"west":{"uv":[8.125,4.5,8.375,4.875],"texture":"#0"},"up":{"uv":[8.5,6.375,8.25,6.125],"texture":"#0"},"down":{"uv":[8.5,6.375,8.25,6.625],"texture":"#0"}}},{"from":[14.95,21.95,6.95],"to":[17.05,25.05,9.05],"rotation":{"angle":0,"axis":"y","origin":[11,18,15]},"faces":{"north":{"uv":[6.375,8.125,6.125,8.5],"texture":"#0"},"east":{"uv":[8.375,4.5,8.125,4.875],"texture":"#0"},"south":{"uv":[7.125,8.125,6.875,8.5],"texture":"#0"},"west":{"uv":[6.875,8.125,6.625,8.5],"texture":"#0"},"up":{"uv":[8.25,6.375,8.5,6.125],"texture":"#0"},"down":{"uv":[8.25,6.375,8.5,6.625],"texture":"#0"}}},{"from":[-0.25566,23.85355,6.96],"to":[1.82434,26.93355,9.04],"rotation":{"angle":-45,"axis":"z","origin":[0.78434,25.39355,8]},"faces":{"north":{"uv":[0,8.25,0.25,8.625],"texture":"#0"},"east":{"uv":[0.25,8.25,0.5,8.625],"texture":"#0"},"south":{"uv":[0.5,8.25,0.75,8.625],"texture":"#0"},"west":{"uv":[0.75,8.25,1,8.625],"texture":"#0"},"up":{"uv":[8.5,7.25,8.25,7],"texture":"#0"},"down":{"uv":[8.5,7.625,8.25,7.875],"texture":"#0"}}},{"from":[14.17566,23.85355,6.96],"to":[16.25566,26.93355,9.04],"rotation":{"angle":45,"axis":"z","origin":[15.21566,25.39355,8]},"faces":{"north":{"uv":[0.25,8.25,0,8.625],"texture":"#0"},"east":{"uv":[1,8.25,0.75,8.625],"texture":"#0"},"south":{"uv":[0.75,8.25,0.5,8.625],"texture":"#0"},"west":{"uv":[0.5,8.25,0.25,8.625],"texture":"#0"},"up":{"uv":[8.25,7.25,8.5,7],"texture":"#0"},"down":{"uv":[8.25,7.625,8.5,7.875],"texture":"#0"}}},{"from":[0.84789,26.25,7.46],"to":[3.92789,27.33,8.54],"rotation":{"angle":22.5,"axis":"z","origin":[2.38789,26.79,8]},"faces":{"north":{"uv":[2.75,7.875,3.125,8],"texture":"#0"},"east":{"uv":[8.5,3.875,8.625,4],"texture":"#0"},"south":{"uv":[8.25,2,8.625,2.125],"texture":"#0"},"west":{"uv":[8.5,5.625,8.625,5.75],"texture":"#0"},"up":{"uv":[8.625,2.625,8.25,2.5],"texture":"#0"},"down":{"uv":[8.625,7.25,8.25,7.375],"texture":"#0"}}},{"from":[12.07211,26.25,7.46],"to":[15.15211,27.33,8.54],"rotation":{"angle":-22.5,"axis":"z","origin":[13.61211,26.79,8]},"faces":{"north":{"uv":[3.125,7.875,2.75,8],"texture":"#0"},"east":{"uv":[8.625,5.625,8.5,5.75],"texture":"#0"},"south":{"uv":[8.625,2,8.25,2.125],"texture":"#0"},"west":{"uv":[8.625,3.875,8.5,4],"texture":"#0"},"up":{"uv":[8.25,2.625,8.625,2.5],"texture":"#0"},"down":{"uv":[8.25,7.25,8.625,7.375],"texture":"#0"}}},{"from":[-0.25566,20.06645,6.96],"to":[1.82434,23.14645,9.04],"rotation":{"angle":45,"axis":"z","origin":[0.78434,21.60645,8]},"faces":{"north":{"uv":[1,8.25,1.25,8.625],"texture":"#0"},"east":{"uv":[1.25,8.25,1.5,8.625],"texture":"#0"},"south":{"uv":[1.5,8.25,1.75,8.625],"texture":"#0"},"west":{"uv":[3.625,8.25,3.875,8.625],"texture":"#0"},"up":{"uv":[3,8.625,2.75,8.375],"texture":"#0"},"down":{"uv":[3.25,8.375,3,8.625],"texture":"#0"}}},{"from":[14.17566,20.06645,6.96],"to":[16.25566,23.14645,9.04],"rotation":{"angle":-45,"axis":"z","origin":[15.21566,21.60645,8]},"faces":{"north":{"uv":[1.25,8.25,1,8.625],"texture":"#0"},"east":{"uv":[3.875,8.25,3.625,8.625],"texture":"#0"},"south":{"uv":[1.75,8.25,1.5,8.625],"texture":"#0"},"west":{"uv":[1.5,8.25,1.25,8.625],"texture":"#0"},"up":{"uv":[2.75,8.625,3,8.375],"texture":"#0"},"down":{"uv":[3,8.375,3.25,8.625],"texture":"#0"}}},{"from":[3.96,11.96,3.96],"to":[12.04,21.04,12.04],"rotation":{"angle":0,"axis":"y","origin":[12,20,12]},"faces":{"north":{"uv":[2.25,1.125,3.25,2.25],"texture":"#0"},"east":{"uv":[1,3,2,4.125],"texture":"#0"},"south":{"uv":[3.25,3.25,4.25,4.375],"texture":"#0"},"west":{"uv":[3.25,1.125,4.25,2.25],"texture":"#0"},"up":{"uv":[5.375,3.125,4.375,2.125],"texture":"#0"},"down":{"uv":[1,4.5,0,5.5],"texture":"#0"}}},{"from":[3.46,19.46,3.46],"to":[12.54,22.54,12.54],"rotation":{"angle":0,"axis":"y","origin":[11.75,20,12]},"faces":{"north":{"uv":[6.375,3.75,7.5,4.125],"texture":"#0"},"east":{"uv":[6.5,0.5,7.625,0.875],"texture":"#0"},"south":{"uv":[6.5,0.875,7.625,1.25],"texture":"#0"},"west":{"uv":[6.5,1.25,7.625,1.625],"texture":"#0"},"up":{"uv":[2.25,1.125,1.125,0],"texture":"#0"},"down":{"uv":[3.375,0,2.25,1.125],"texture":"#0"}}},{"from":[6.96,13.81,3.385],"to":[9.04,18.89,3.465],"rotation":{"angle":22.5,"axis":"x","origin":[8.5,17.35,6.925]},"faces":{"north":{"uv":[9.12475,0,9.37463,0.62475],"rotation":180,"texture":"#0"}}},{"from":[6.46,14.46,2.96],"to":[9.54,16.54,4.04],"rotation":{"angle":0,"axis":"y","origin":[12,20,12]},"faces":{"north":{"uv":[0.625,6.875,1,7.125],"texture":"#0"},"east":{"uv":[6.625,7.875,6.75,8.125],"texture":"#0"},"south":{"uv":[5.75,8.125,6.125,8.375],"texture":"#0"},"west":{"uv":[8.5,8.5,8.625,8.75],"texture":"#0"},"up":{"uv":[7.625,0.5,7.25,0.375],"texture":"#0"},"down":{"uv":[7.875,3.375,7.5,3.5],"texture":"#0"}}},{"from":[6.96,16.46,3.56],"to":[9.04,18.54,4.64],"rotation":{"angle":22.5,"axis":"x","origin":[8,17.5,3.5]},"faces":{"north":{"uv":[8.25,1.75,8.5,2],"texture":"#0"},"east":{"uv":[8.5,0,8.625,0.25],"texture":"#0"},"south":{"uv":[8.25,2.25,8.5,2.5],"texture":"#0"},"west":{"uv":[8.5,0.625,8.625,0.875],"texture":"#0"},"up":{"uv":[5.25,1.125,5,1],"texture":"#0"},"down":{"uv":[5.25,3.125,5,3.25],"texture":"#0"}}},{"from":[3.96,12.11,3.96],"to":[4.04,20.19,12.04],"rotation":{"angle":-22.5,"axis":"z","origin":[4,18.4,8]},"faces":{"east":{"uv":[5.25,3.25,4.25,4.25],"texture":"#0"},"west":{"uv":[4.25,3.25,5.25,4.25],"texture":"#0"}}},{"from":[11.96,12.11,3.96],"to":[12.04,20.19,12.04],"rotation":{"angle":22.5,"axis":"z","origin":[12,18.4,8]},"faces":{"east":{"uv":[5.25,3.25,4.25,4.25],"texture":"#0"},"west":{"uv":[4.25,3.25,5.25,4.25],"texture":"#0"}}},{"from":[3.885,8.76,11.61],"to":[11.965,16.84,11.69],"rotation":{"angle":-22.5,"axis":"x","origin":[4,18.4,8]},"faces":{"north":{"uv":[4.375,0,5.375,1],"texture":"#0"},"east":{"uv":[0,0,0,1],"texture":"#0"},"south":{"uv":[4.375,0,5.375,1],"texture":"#0"},"west":{"uv":[0,0,0,1],"texture":"#0"},"up":{"uv":[1,0,0,0],"texture":"#0"},"down":{"uv":[1,0,0,0],"texture":"#0"}}},{"from":[3.99,7.99,3.24],"to":[12.01,13.01,5.26],"rotation":{"angle":22.5,"axis":"x","origin":[8,10,4.25]},"faces":{"north":{"uv":[5.25,4.375,6.25,5],"texture":"#0"},"east":{"uv":[2.875,4.75,3.125,5.375],"texture":"#0"},"south":{"uv":[5.375,0,6.375,0.625],"texture":"#0"},"west":{"uv":[3.875,6.125,4.125,6.75],"texture":"#0"},"up":{"uv":[7.875,3.75,6.875,3.5],"texture":"#0"},"down":{"uv":[8,6.75,7,7],"texture":"#0"}}},{"from":[3.98,4.77227,3.12805],"to":[12.02,8.81227,3.16805],"rotation":{"angle":0,"axis":"x","origin":[8,12.29227,4.14805]},"faces":{"north":{"uv":[5.875,5,6.875,5.5],"texture":"#0"},"south":{"uv":[5.875,5,6.875,5.5],"texture":"#0"}}},{"from":[4,12.425,3.25],"to":[12,13.425,4.25],"rotation":{"angle":0,"axis":"y","origin":[12,20.425,12.25]},"faces":{"north":{"uv":[5.375,3,6.375,3.125],"texture":"#0"},"east":{"uv":[6.875,7.5,7,7.625],"texture":"#0"},"south":{"uv":[7.625,6.625,8.625,6.75],"texture":"#0"},"west":{"uv":[8.25,4.375,8.375,4.5],"texture":"#0"},"up":{"uv":[9,1,8,0.875],"texture":"#0"},"down":{"uv":[9,2.875,8,3],"texture":"#0"}}},{"from":[11,12.575,3.425],"to":[12,15.575,4.425],"rotation":{"angle":-22.5,"axis":"z","origin":[11.5,14.075,3.925]},"faces":{"north":{"uv":[5.5,8.5,5.625,8.875],"texture":"#0"},"east":{"uv":[5.625,8.5,5.75,8.875],"texture":"#0"},"south":{"uv":[6.125,8.5,6.25,8.875],"texture":"#0"},"west":{"uv":[6.25,8.5,6.375,8.875],"texture":"#0"},"up":{"uv":[8.375,8,8.25,7.875],"texture":"#0"},"down":{"uv":[8.5,3.625,8.375,3.75],"texture":"#0"}}},{"from":[4,12.575,3.425],"to":[5,15.575,4.425],"rotation":{"angle":22.5,"axis":"z","origin":[4.5,14.075,3.925]},"faces":{"north":{"uv":[6.375,8.5,6.5,8.875],"texture":"#0"},"east":{"uv":[6.5,8.5,6.625,8.875],"texture":"#0"},"south":{"uv":[6.625,8.5,6.75,8.875],"texture":"#0"},"west":{"uv":[6.75,8.5,6.875,8.875],"texture":"#0"},"up":{"uv":[8.5,8,8.375,7.875],"texture":"#0"},"down":{"uv":[8.625,0.25,8.5,0.375],"texture":"#0"}}},{"name":"ear1","from":[2.99,16.68448,5.45404],"to":[4.01,18.70448,7.47404],"rotation":{"angle":0,"axis":"y","origin":[11,25.69448,12.46404]},"faces":{"north":{"uv":[1,2.75,1.125,3],"texture":"#0"},"east":{"uv":[7.25,2.625,7.5,2.875],"texture":"#0"},"south":{"uv":[6.25,6.875,6.375,7.125],"texture":"#0"},"west":{"uv":[8.25,1.25,8.5,1.5],"texture":"#0"},"up":{"uv":[7,6.375,6.875,6.125],"texture":"#0"},"down":{"uv":[3.75,7.125,3.625,7.375],"texture":"#0"}}},{"name":"ear2","from":[11.99,16.68448,5.45404],"to":[13.01,18.70448,7.47404],"rotation":{"angle":0,"axis":"y","origin":[5,25.69448,12.46404]},"faces":{"north":{"uv":[1.125,2.75,1,3],"texture":"#0"},"east":{"uv":[8.5,1.25,8.25,1.5],"texture":"#0"},"south":{"uv":[6.375,6.875,6.25,7.125],"texture":"#0"},"west":{"uv":[7.5,2.625,7.25,2.875],"texture":"#0"},"up":{"uv":[6.875,6.375,7,6.125],"texture":"#0"},"down":{"uv":[3.625,7.125,3.75,7.375],"texture":"#0"}}},{"name":"ear2","from":[3,17,6],"to":[4,19,10],"rotation":{"angle":-22.5,"axis":"x","origin":[3.5,17.5,6.5]},"faces":{"north":{"uv":[5.5,7.25,5.625,7.5],"texture":"#0"},"east":{"uv":[8,0.625,8.5,0.875],"texture":"#0"},"south":{"uv":[7.5,5.875,7.625,6.125],"texture":"#0"},"west":{"uv":[8,2.625,8.5,2.875],"texture":"#0"},"up":{"uv":[5.125,7.25,5,6.75],"texture":"#0"},"down":{"uv":[5.5,8.25,5.375,8.75],"texture":"#0"}}},{"name":"ear3","from":[12,17,6],"to":[13,19,10],"rotation":{"angle":-22.5,"axis":"x","origin":[12.5,17.5,6.5]},"faces":{"north":{"uv":[5.625,7.25,5.5,7.5],"texture":"#0"},"east":{"uv":[8.5,2.625,8,2.875],"texture":"#0"},"south":{"uv":[7.625,5.875,7.5,6.125],"texture":"#0"},"west":{"uv":[8.5,0.625,8,0.875],"texture":"#0"},"up":{"uv":[5,7.25,5.125,6.75],"texture":"#0"},"down":{"uv":[5.375,8.25,5.5,8.75],"texture":"#0"}}},{"name":"ear3","from":[3,18,10],"to":[4,19,11],"rotation":{"angle":-22.5,"axis":"x","origin":[3.5,17.5,6.5]},"faces":{"north":{"uv":[4.25,2.125,4.375,2.25],"texture":"#0"},"east":{"uv":[5.25,2,5.375,2.125],"texture":"#0"},"south":{"uv":[6.375,0.5,6.5,0.625],"texture":"#0"},"west":{"uv":[7,2.25,7.125,2.375],"texture":"#0"},"up":{"uv":[7.25,2.375,7.125,2.25],"texture":"#0"},"down":{"uv":[6.875,7.5,6.75,7.625],"texture":"#0"}}},{"name":"ear4","from":[12,18,10],"to":[13,19,11],"rotation":{"angle":-22.5,"axis":"x","origin":[12.5,17.5,6.5]},"faces":{"north":{"uv":[4.375,2.125,4.25,2.25],"texture":"#0"},"east":{"uv":[7.125,2.25,7,2.375],"texture":"#0"},"south":{"uv":[6.5,0.5,6.375,0.625],"texture":"#0"},"west":{"uv":[5.375,2,5.25,2.125],"texture":"#0"},"up":{"uv":[7.125,2.375,7.25,2.25],"texture":"#0"},"down":{"uv":[6.75,7.5,6.875,7.625],"texture":"#0"}}},{"from":[3.98,-0.02,5.98],"to":[12.02,12.02,10.02],"rotation":{"angle":0,"axis":"y","origin":[12,12,12]},"faces":{"north":{"uv":[0,1.875,1,3.375],"texture":"#0"},"east":{"uv":[4.125,5.25,4.625,6.75],"texture":"#0"},"south":{"uv":[2.25,2.25,3.25,3.75],"texture":"#0"},"west":{"uv":[4.625,5.25,5.125,6.75],"texture":"#0"},"up":{"uv":[6.375,2.5,5.375,2],"texture":"#0"},"down":{"uv":[6.375,2.5,5.375,3],"texture":"#0"}}},{"from":[3.46,-0.54,5.46],"to":[12.54,2.54,10.54],"rotation":{"angle":0,"axis":"y","origin":[11.5,11.5,12.5]},"faces":{"north":{"uv":[1.5,6.75,2.625,7.125],"texture":"#0"},"east":{"uv":[5.375,0.625,6,1],"texture":"#0"},"south":{"uv":[2.625,6.75,3.75,7.125],"texture":"#0"},"west":{"uv":[7.625,1,8.25,1.375],"texture":"#0"},"up":{"uv":[6.375,3.75,5.25,3.125],"texture":"#0"},"down":{"uv":[6.375,3.75,5.25,4.375],"texture":"#0"}}},{"from":[2.66,-5.54,4.96],"to":[2.74,2.54,11.04],"rotation":{"angle":-22.5,"axis":"z","origin":[2.7,-1.5,8]},"faces":{"north":{"uv":[0,0,0,1],"texture":"#0"},"east":{"uv":[6,1,5.25,2],"texture":"#0"},"south":{"uv":[0,0,0,1],"texture":"#0"},"west":{"uv":[5.25,1,6,2],"texture":"#0"},"up":{"uv":[0,0.75,0,0],"texture":"#0"},"down":{"uv":[0,0,0,0.75],"texture":"#0"}}},{"from":[13.26,-5.54,4.96],"to":[13.34,2.54,11.04],"rotation":{"angle":22.5,"axis":"z","origin":[13.3,-1.5,8]},"faces":{"north":{"uv":[0,0,0,1],"texture":"#0"},"east":{"uv":[6,1,5.25,2],"texture":"#0"},"south":{"uv":[0,0,0,1],"texture":"#0"},"west":{"uv":[5.25,1,6,2],"texture":"#0"},"up":{"uv":[0,0.75,0,0],"texture":"#0"},"down":{"uv":[0,0,0,0.75],"texture":"#0"}}},{"from":[3.385,-5.24,3.985],"to":[12.465,2.84,4.065],"rotation":{"angle":22.5,"axis":"x","origin":[9.425,-1.2,4.025]},"faces":{"north":{"uv":[3.25,2.25,4.375,3.25],"texture":"#0"},"east":{"uv":[0,0,0,1],"texture":"#0"},"south":{"uv":[4.375,2.25,3.25,3.25],"texture":"#0"},"west":{"uv":[0,0,0,1],"texture":"#0"},"up":{"uv":[1.125,0,0,0],"texture":"#0"},"down":{"uv":[1.125,0,0,0],"texture":"#0"}}},{"from":[3.385,-5.24,11.935],"to":[12.465,2.84,12.015],"rotation":{"angle":-22.5,"axis":"x","origin":[9.425,-1.2,11.975]},"faces":{"north":{"uv":[3.25,2.25,4.375,3.25],"texture":"#0"},"east":{"uv":[0,0,0,1],"texture":"#0"},"south":{"uv":[4.375,2.25,3.25,3.25],"texture":"#0"},"west":{"uv":[0,0,0,1],"texture":"#0"},"up":{"uv":[1.125,0,0,0],"texture":"#0"},"down":{"uv":[1.125,0,0,0],"texture":"#0"}}},{"from":[7.36852,1.33626,5.5],"to":[12.36852,4.33626,10.5],"rotation":{"angle":-22.5,"axis":"z","origin":[7.86852,2.83626,8]},"faces":{"north":{"uv":[7.625,1.375,8.25,1.75],"texture":"#0"},"east":{"uv":[7.625,1.75,8.25,2.125],"texture":"#0"},"south":{"uv":[7.625,5.875,8.25,6.25],"texture":"#0"},"west":{"uv":[7.625,6.25,8.25,6.625],"texture":"#0"},"up":{"uv":[0.625,7.5,0,6.875],"texture":"#0"},"down":{"uv":[6.25,6.875,5.625,7.5],"texture":"#0"}}},{"from":[3.58269,1.32626,5.49],"to":[8.60269,4.34626,10.51],"rotation":{"angle":22.5,"axis":"z","origin":[8.09269,2.83626,8]},"faces":{"north":{"uv":[7.625,7,8.25,7.375],"texture":"#0"},"east":{"uv":[0,7.875,0.625,8.25],"texture":"#0"},"south":{"uv":[0.625,7.875,1.25,8.25],"texture":"#0"},"west":{"uv":[1.25,7.875,1.875,8.25],"texture":"#0"},"up":{"uv":[7.5,3.5,6.875,2.875],"texture":"#0"},"down":{"uv":[7.5,4.875,6.875,5.5],"texture":"#0"}}},{"from":[3.00419,-11.00627,13],"to":[7.00419,-0.00627,17],"rotation":{"angle":22.5,"axis":"y","origin":[-12.99581,-5.50627,8]},"faces":{"north":{"uv":[2.875,5.375,3.375,6.75],"texture":"#0"},"east":{"uv":[3.375,5.375,3.875,6.75],"texture":"#0"},"south":{"uv":[0,5.5,0.5,6.875],"texture":"#0"},"west":{"uv":[0.5,5.5,1,6.875],"texture":"#0"},"up":{"uv":[8,3.125,7.5,2.625],"texture":"#0"},"down":{"uv":[8,4.875,7.5,5.375],"texture":"#0"}}},{"from":[2.50419,-7.75627,12.5],"to":[7.50419,-5.75627,17.5],"rotation":{"angle":22.5,"axis":"y","origin":[-12.99581,-5.50627,8]},"faces":{"north":{"uv":[5.25,5,5.875,5.25],"texture":"#0"},"east":{"uv":[4.875,8,5.5,8.25],"texture":"#0"},"south":{"uv":[8,8,8.625,8.25],"texture":"#0"},"west":{"uv":[8,0.375,8.625,0.625],"texture":"#0"},"up":{"uv":[4.375,7.375,3.75,6.75],"texture":"#0"},"down":{"uv":[5,6.75,4.375,7.375],"texture":"#0"}}},{"from":[6.50419,-11.00627,10.05],"to":[6.50419,-8.00627,12.05],"rotation":{"angle":22.5,"axis":"y","origin":[-12.99581,-5.50627,8]},"faces":{"north":{"uv":[0,0,0,0.375],"texture":"#0"},"east":{"uv":[6.75,7.125,7,7.5],"texture":"#0"},"south":{"uv":[0,0,0,0.375],"texture":"#0"},"west":{"uv":[2.625,8.125,2.375,8.5],"texture":"#0"},"up":{"uv":[0,0.25,0,0],"texture":"#0"},"down":{"uv":[0,0,0,0.25],"texture":"#0"}}},{"from":[5.00419,-11.00627,10.05],"to":[5.00419,-8.00627,12.05],"rotation":{"angle":22.5,"axis":"y","origin":[-12.99581,-5.50627,8]},"faces":{"north":{"uv":[0,0,0,0.375],"texture":"#0"},"east":{"uv":[1.875,8.125,2.125,8.5],"texture":"#0"},"south":{"uv":[0,0,0,0.375],"texture":"#0"},"west":{"uv":[2.625,8.125,2.375,8.5],"texture":"#0"},"up":{"uv":[0,0.25,0,0],"texture":"#0"},"down":{"uv":[0,0,0,0.25],"texture":"#0"}}},{"from":[3.50419,-11.00627,10.05],"to":[3.50419,-8.00627,12.05],"rotation":{"angle":22.5,"axis":"y","origin":[-12.99581,-5.50627,8]},"faces":{"north":{"uv":[0,0,0,0.375],"texture":"#0"},"east":{"uv":[2.375,8.125,2.625,8.5],"texture":"#0"},"south":{"uv":[0,0,0,0.375],"texture":"#0"},"west":{"uv":[2.625,8.125,2.375,8.5],"texture":"#0"},"up":{"uv":[0,0.25,0,0],"texture":"#0"},"down":{"uv":[0,0,0,0.25],"texture":"#0"}}},{"from":[3.00419,-11.00627,12],"to":[7.00419,-8.00627,13],"rotation":{"angle":22.5,"axis":"y","origin":[-12.99581,-5.50627,8]},"faces":{"north":{"uv":[5.875,5.5,6.375,5.875],"texture":"#0"},"east":{"uv":[3.5,8.375,3.625,8.75],"texture":"#0"},"south":{"uv":[4.375,7.875,4.875,8.25],"texture":"#0"},"west":{"uv":[6,8.375,6.125,8.75],"texture":"#0"},"up":{"uv":[8.75,1.625,8.25,1.5],"texture":"#0"},"down":{"uv":[8.75,1.625,8.25,1.75],"texture":"#0"}}},{"from":[10.1439,-11.00627,4.76916],"to":[14.1439,-8.00627,5.76916],"rotation":{"angle":-45,"axis":"y","origin":[10.6439,-9.50627,5.26916]},"faces":{"north":{"uv":[6.375,5.5,5.875,5.875],"texture":"#0"},"east":{"uv":[6.125,8.375,6,8.75],"texture":"#0"},"south":{"uv":[4.875,7.875,4.375,8.25],"texture":"#0"},"west":{"uv":[3.625,8.375,3.5,8.75],"texture":"#0"},"up":{"uv":[8.25,1.625,8.75,1.5],"texture":"#0"},"down":{"uv":[8.25,1.625,8.75,1.75],"texture":"#0"}}},{"from":[1.65341,4.65707,6],"to":[5.65341,12.65707,10],"rotation":{"angle":-22.5,"axis":"z","origin":[1.17506,10.48466,6.94643]},"faces":{"north":{"uv":[1.875,5.75,2.375,6.75],"texture":"#0"},"east":{"uv":[2.375,5.75,2.875,6.75],"texture":"#0"},"south":{"uv":[5.875,5.875,6.375,6.875],"texture":"#0"},"west":{"uv":[6,0.625,6.5,1.625],"texture":"#0"},"up":{"uv":[4.875,7.875,4.375,7.375],"texture":"#0"},"down":{"uv":[3.625,7.5,3.125,8],"texture":"#0"}}},{"from":[1.40341,5.90707,9.5],"to":[6.40341,11.90707,10.5],"rotation":{"angle":-22.5,"axis":"z","origin":[1.17506,10.48466,6.94643]},"faces":{"north":{"uv":[6.375,6.375,7,7.125],"texture":"#0"},"east":{"uv":[2.625,8.125,2.75,8.875],"texture":"#0"},"south":{"uv":[6.375,1.625,7,2.375],"texture":"#0"},"west":{"uv":[7.125,8.125,7.25,8.875],"texture":"#0"},"up":{"uv":[8.875,1.125,8.25,1],"texture":"#0"},"down":{"uv":[8.875,1.125,8.25,1.25],"texture":"#0"}}},{"from":[3.90341,5.90707,10.5],"to":[3.90341,11.90707,12.5],"rotation":{"angle":-22.5,"axis":"z","origin":[1.17506,10.48466,6.94643]},"faces":{"north":{"uv":[0,0,0,0.75],"texture":"#0"},"south":{"uv":[0,0,0,0.75],"texture":"#0"},"west":{"uv":[3.875,5.375,4.125,6.125],"texture":"#0"},"up":{"uv":[0,0.25,0,0],"texture":"#0"},"down":{"uv":[0,0,0,0.25],"texture":"#0"}}},{"from":[1.65341,4.65707,-1],"to":[5.65341,8.65707,6],"rotation":{"angle":-22.5,"axis":"z","origin":[1.17506,10.48466,6.94643]},"faces":{"north":{"uv":[7.5,5.375,8,5.875],"texture":"#0"},"east":{"uv":[6.375,0,7.25,0.5],"texture":"#0"},"south":{"uv":[6.75,7.625,7.25,8.125],"texture":"#0"},"west":{"uv":[6.375,2.375,7.25,2.875],"texture":"#0"},"up":{"uv":[6.875,3.75,6.375,2.875],"texture":"#0"},"down":{"uv":[6.875,5.5,6.375,6.375],"texture":"#0"}}},{"from":[0.84475,4.19513,0.75],"to":[5.84475,9.19513,1.75],"rotation":{"angle":-22.5,"axis":"z","origin":[1.17506,10.48466,6.94643]},"faces":{"north":{"uv":[6.875,5.5,7.5,6.125],"texture":"#0"},"east":{"uv":[3.125,3.75,3.25,4.375],"texture":"#0"},"south":{"uv":[7,7,7.625,7.625],"texture":"#0"},"west":{"uv":[1.875,5.125,2,5.75],"texture":"#0"},"up":{"uv":[5,1.125,4.375,1],"texture":"#0"},"down":{"uv":[5,3.125,4.375,3.25],"texture":"#0"}}},{"from":[0.84475,4.19513,6.75],"to":[5.84475,9.19513,7.75],"rotation":{"angle":-22.5,"axis":"z","origin":[1.17506,10.48466,6.94643]},"faces":{"north":{"uv":[7,1.625,7.625,2.25],"texture":"#0"},"east":{"uv":[4.875,7.375,5,8],"texture":"#0"},"south":{"uv":[7,6.125,7.625,6.75],"texture":"#0"},"west":{"uv":[1.75,8.25,1.875,8.875],"texture":"#0"},"up":{"uv":[6.875,5,6.25,4.875],"texture":"#0"},"down":{"uv":[8.625,6.875,8,7],"texture":"#0"}}},{"from":[-2.25387,7.62463,3.96],"to":[4.82613,9.70463,4.04],"rotation":{"angle":22.5,"axis":"z","origin":[0.17506,9.48466,6.94643]},"faces":{"north":{"uv":[6.375,4.125,7.25,4.375],"texture":"#0"},"east":{"uv":[0,0,0,0.25],"texture":"#0"},"south":{"uv":[7.625,7.375,8.5,7.625],"texture":"#0"},"up":{"uv":[0.875,0,0,0],"texture":"#0"},"down":{"uv":[0.875,0,0,0],"texture":"#0"}}},{"from":[-2.75387,9.62463,3.46],"to":[5.32613,10.70463,12.54],"rotation":{"angle":22.5,"axis":"z","origin":[0.17506,9.48466,6.94643]},"faces":{"north":{"uv":[8,3,9,3.125],"texture":"#0"},"east":{"uv":[7.5,4,8.625,4.125],"texture":"#0"},"south":{"uv":[8,6.75,9,6.875],"texture":"#0"},"west":{"uv":[7.625,2.125,8.75,2.25],"texture":"#0"},"up":{"uv":[1,4.5,0,3.375],"texture":"#0"},"down":{"uv":[4.375,0,3.375,1.125],"texture":"#0"}}},{"from":[-2.25387,9.62463,3.96],"to":[4.82613,12.70463,12.04],"rotation":{"angle":22.5,"axis":"z","origin":[0.17506,9.48466,6.94643]},"faces":{"north":{"uv":[7.25,4.5,8.125,4.875],"texture":"#0"},"east":{"uv":[7.25,2.25,8.25,2.625],"texture":"#0"},"south":{"uv":[0,7.5,0.875,7.875],"texture":"#0"},"west":{"uv":[7.25,4.125,8.25,4.5],"texture":"#0"},"up":{"uv":[2.875,5.75,2,4.75],"texture":"#0"},"down":{"uv":[1.875,5.125,1,6.125],"texture":"#0"}}},{"from":[-1.25387,12.62463,6.96],"to":[-0.17387,14.70463,9.04],"rotation":{"angle":22.5,"axis":"z","origin":[0.17506,9.48466,6.94643]},"faces":{"north":{"uv":[8.5,3.125,8.625,3.375],"texture":"#0"},"east":{"uv":[2.125,8.5,2.375,8.75],"texture":"#0"},"south":{"uv":[8.5,3.625,8.625,3.875],"texture":"#0"},"west":{"uv":[2.375,8.5,2.625,8.75],"texture":"#0"},"up":{"uv":[8.625,4.375,8.5,4.125],"texture":"#0"},"down":{"uv":[8.625,4.875,8.5,5.125],"texture":"#0"}}},{"from":[0.74613,12.62463,6.96],"to":[2.82613,15.70463,9.04],"rotation":{"angle":22.5,"axis":"z","origin":[0.17506,9.48466,6.94643]},"faces":{"north":{"uv":[4.875,8.25,5.125,8.625],"texture":"#0"},"east":{"uv":[5.125,8.25,5.375,8.625],"texture":"#0"},"south":{"uv":[7.25,8.25,7.5,8.625],"texture":"#0"},"west":{"uv":[7.5,8.25,7.75,8.625],"texture":"#0"},"up":{"uv":[8.625,3.625,8.375,3.375],"texture":"#0"},"down":{"uv":[8.625,4.375,8.375,4.625],"texture":"#0"}}},{"from":[1.24613,15.62463,7.46],"to":[2.32613,17.70463,8.54],"rotation":{"angle":22.5,"axis":"z","origin":[0.17506,9.48466,6.94643]},"faces":{"north":{"uv":[8.5,1.25,8.625,1.5],"texture":"#0"},"east":{"uv":[8.5,1.75,8.625,2],"texture":"#0"},"south":{"uv":[8.5,2.25,8.625,2.5],"texture":"#0"},"west":{"uv":[8.5,2.625,8.625,2.875],"texture":"#0"},"up":{"uv":[8.625,5.875,8.5,5.75],"texture":"#0"},"down":{"uv":[8.625,5.875,8.5,6],"texture":"#0"}}},{"from":[-0.75387,14.62463,7.46],"to":[-0.67387,16.70463,8.54],"rotation":{"angle":22.5,"axis":"z","origin":[0.17506,9.48466,6.94643]},"faces":{"north":{"uv":[0,0,0,0.25],"texture":"#0"},"east":{"uv":[8.5,5.125,8.625,5.375],"texture":"#0"},"south":{"uv":[0,0,0,0.25],"texture":"#0"},"west":{"uv":[8.5,5.375,8.625,5.625],"texture":"#0"},"up":{"uv":[0,0.125,0,0],"texture":"#0"},"down":{"uv":[0,0,0,0.125],"texture":"#0"}}},{"from":[-3.09,8.46,3.96],"to":[-3.01,10.54,12.04],"rotation":{"angle":22.5,"axis":"z","origin":[1.75,12,16]},"faces":{"east":{"uv":[8.5,3.75,7.5,4],"texture":"#0"},"west":{"uv":[7.5,3.75,8.5,4],"texture":"#0"}}},{"from":[19.01,8.435,3.96],"to":[19.09,10.515,12.04],"rotation":{"angle":-22.5,"axis":"z","origin":[14.25,12,16]},"faces":{"east":{"uv":[8.5,3.75,7.5,4],"texture":"#0"},"west":{"uv":[7.5,3.75,8.5,4],"texture":"#0"}}},{"from":[-3.04,8.46,11.96],"to":[4.04,10.54,12.04],"rotation":{"angle":22.5,"axis":"z","origin":[1.75,12,16]},"faces":{"north":{"uv":[6.375,4.125,7.25,4.375],"texture":"#0"},"east":{"uv":[0,0,0,0.25],"texture":"#0"},"south":{"uv":[5.5,7.875,6.375,8.125],"texture":"#0"},"up":{"uv":[0.875,0,0,0],"texture":"#0"},"down":{"uv":[0.875,0,0,0],"texture":"#0"}}},{"from":[11.96,8.46,11.96],"to":[19.04,10.54,12.04],"rotation":{"angle":-22.5,"axis":"z","origin":[14.25,12,16]},"faces":{"north":{"uv":[7.25,4.125,6.375,4.375],"texture":"#0"},"east":{"uv":[0,0,0,0.25],"texture":"#0"},"south":{"uv":[6.375,7.875,5.5,8.125],"texture":"#0"},"up":{"uv":[0,0,0.875,0],"texture":"#0"},"down":{"uv":[0,0,0.875,0],"texture":"#0"}}},{"from":[7.99581,-11.00627,6],"to":[11.99581,-0.00627,10],"rotation":{"angle":-45,"axis":"y","origin":[9.99581,-5.50627,8]},"faces":{"north":{"uv":[3.375,5.375,2.875,6.75],"texture":"#0"},"east":{"uv":[1,5.5,0.5,6.875],"texture":"#0"},"south":{"uv":[0.5,5.5,0,6.875],"texture":"#0"},"west":{"uv":[3.875,5.375,3.375,6.75],"texture":"#0"},"up":{"uv":[7.5,3.125,8,2.625],"texture":"#0"},"down":{"uv":[7.5,4.875,8,5.375],"texture":"#0"}}},{"from":[7.49581,-7.75627,5.5],"to":[12.49581,-5.75627,10.5],"rotation":{"angle":-45,"axis":"y","origin":[9.99581,-5.50627,8]},"faces":{"north":{"uv":[5.875,5,5.25,5.25],"texture":"#0"},"east":{"uv":[8.625,0.375,8,0.625],"texture":"#0"},"south":{"uv":[8.625,8,8,8.25],"texture":"#0"},"west":{"uv":[5.5,8,4.875,8.25],"texture":"#0"},"up":{"uv":[3.75,7.375,4.375,6.75],"texture":"#0"},"down":{"uv":[4.375,6.75,5,7.375],"texture":"#0"}}},{"from":[8.49581,-11.00627,3],"to":[8.49581,-8.00627,5],"rotation":{"angle":-45,"axis":"y","origin":[9.99581,-5.50627,8]},"faces":{"north":{"uv":[0,0,0,0.375],"texture":"#0"},"east":{"uv":[6.75,7.125,7,7.5],"texture":"#0"},"south":{"uv":[0,0,0,0.375],"texture":"#0"},"west":{"uv":[7,7.125,6.75,7.5],"texture":"#0"},"up":{"uv":[0,0.25,0,0],"texture":"#0"},"down":{"uv":[0,0,0,0.25],"texture":"#0"}}},{"from":[9.99581,-11.00627,3],"to":[9.99581,-8.00627,5],"rotation":{"angle":-45,"axis":"y","origin":[9.99581,-5.50627,8]},"faces":{"north":{"uv":[0,0,0,0.375],"texture":"#0"},"east":{"uv":[6.75,7.125,7,7.5],"texture":"#0"},"south":{"uv":[0,0,0,0.375],"texture":"#0"},"west":{"uv":[2.125,8.125,1.875,8.5],"texture":"#0"},"up":{"uv":[0,0.25,0,0],"texture":"#0"},"down":{"uv":[0,0,0,0.25],"texture":"#0"}}},{"from":[11.49581,-11.00627,3],"to":[11.49581,-8.00627,5],"rotation":{"angle":-45,"axis":"y","origin":[9.99581,-5.50627,8]},"faces":{"north":{"uv":[0,0,0,0.375],"texture":"#0"},"east":{"uv":[6.75,7.125,7,7.5],"texture":"#0"},"south":{"uv":[0,0,0,0.375],"texture":"#0"},"west":{"uv":[2.625,8.125,2.375,8.5],"texture":"#0"},"up":{"uv":[0,0.25,0,0],"texture":"#0"},"down":{"uv":[0,0,0,0.25],"texture":"#0"}}},{"from":[10.34659,4.65707,6],"to":[14.34659,12.65707,10],"rotation":{"angle":22.5,"axis":"z","origin":[14.82494,10.48466,6.94643]},"faces":{"north":{"uv":[2.375,5.75,1.875,6.75],"texture":"#0"},"east":{"uv":[6.5,0.625,6,1.625],"texture":"#0"},"south":{"uv":[6.375,5.875,5.875,6.875],"texture":"#0"},"west":{"uv":[2.875,5.75,2.375,6.75],"texture":"#0"},"up":{"uv":[4.375,7.875,4.875,7.375],"texture":"#0"},"down":{"uv":[3.125,7.5,3.625,8],"texture":"#0"}}},{"from":[9.59659,5.90707,9.5],"to":[14.59659,11.90707,10.5],"rotation":{"angle":22.5,"axis":"z","origin":[14.82494,10.48466,6.94643]},"faces":{"north":{"uv":[7,6.375,6.375,7.125],"texture":"#0"},"east":{"uv":[7.25,8.125,7.125,8.875],"texture":"#0"},"south":{"uv":[7,1.625,6.375,2.375],"texture":"#0"},"west":{"uv":[2.75,8.125,2.625,8.875],"texture":"#0"},"up":{"uv":[8.25,1.125,8.875,1],"texture":"#0"},"down":{"uv":[8.25,1.125,8.875,1.25],"texture":"#0"}}},{"from":[12.09659,5.90707,10.5],"to":[12.09659,11.90707,12.5],"rotation":{"angle":22.5,"axis":"z","origin":[14.82494,10.48466,6.94643]},"faces":{"north":{"uv":[0,0,0,0.75],"texture":"#0"},"east":{"uv":[4.125,5.375,3.875,6.125],"texture":"#0"},"south":{"uv":[0,0,0,0.75],"texture":"#0"},"up":{"uv":[0,0.25,0,0],"texture":"#0"},"down":{"uv":[0,0,0,0.25],"texture":"#0"}}},{"from":[12.59659,-2.11177,6.24902],"to":[16.59659,4.88823,10.24902],"rotation":{"angle":0,"axis":"x","origin":[14.82494,10.48466,6.94643]},"faces":{"north":{"uv":[6.375,3.75,6.875,2.875],"rotation":180,"texture":"#0"},"east":{"uv":[7.25,2.375,6.375,2.875],"rotation":90,"texture":"#0"},"south":{"uv":[6.375,5.5,6.875,6.375],"texture":"#0"},"west":{"uv":[7.25,0,6.375,0.5],"rotation":270,"texture":"#0"},"up":{"uv":[7.25,7.625,6.75,8.125],"texture":"#0"},"down":{"uv":[8,5.375,7.5,5.875],"rotation":180,"texture":"#0"}}},{"from":[12.40525,-0.36177,5.71096],"to":[17.40525,0.63823,10.71096],"rotation":{"angle":0,"axis":"x","origin":[14.82494,10.48466,6.94643]},"faces":{"north":{"uv":[4.375,1.125,5,1],"rotation":180,"texture":"#0"},"east":{"uv":[2,5.125,1.875,5.75],"rotation":90,"texture":"#0"},"south":{"uv":[4.375,3.125,5,3.25],"texture":"#0"},"west":{"uv":[3.25,3.75,3.125,4.375],"rotation":270,"texture":"#0"},"up":{"uv":[7.625,7,7,7.625],"texture":"#0"},"down":{"uv":[7.5,5.5,6.875,6.125],"rotation":180,"texture":"#0"}}},{"from":[12.40525,4.38823,5.71096],"to":[17.40525,5.38823,10.71096],"rotation":{"angle":0,"axis":"x","origin":[14.82494,10.48466,6.94643]},"faces":{"north":{"uv":[6.25,5,6.875,4.875],"rotation":180,"texture":"#0"},"east":{"uv":[1.875,8.25,1.75,8.875],"rotation":90,"texture":"#0"},"south":{"uv":[8,6.875,8.625,7],"texture":"#0"},"west":{"uv":[5,7.375,4.875,8],"rotation":270,"texture":"#0"},"up":{"uv":[7.625,6.125,7,6.75],"texture":"#0"},"down":{"uv":[7.625,1.625,7,2.25],"rotation":180,"texture":"#0"}}},{"from":[16.40525,-0.71177,8.23596],"to":[20.40525,7.28823,8.23596],"rotation":{"angle":0,"axis":"x","origin":[14.82494,10.48466,6.94643]},"faces":{"north":{"uv":[1,7.125,1.5,6.125],"rotation":180,"texture":"#0"},"south":{"uv":[0.62487,9.87487,1.12463,10.8745],"texture":"#0"}}},{"from":[11.17387,7.62463,3.96],"to":[18.25387,9.70463,4.04],"rotation":{"angle":-22.5,"axis":"z","origin":[15.82494,9.48466,6.94643]},"faces":{"north":{"uv":[7.25,4.125,6.375,4.375],"texture":"#0"},"east":{"uv":[0,0,0,0.25],"texture":"#0"},"south":{"uv":[8.5,7.375,7.625,7.625],"texture":"#0"},"up":{"uv":[0,0,0.875,0],"texture":"#0"},"down":{"uv":[0,0,0.875,0],"texture":"#0"}}},{"from":[10.67387,9.62463,3.46],"to":[18.75387,10.70463,12.54],"rotation":{"angle":-22.5,"axis":"z","origin":[15.82494,9.48466,6.94643]},"faces":{"north":{"uv":[9,3,8,3.125],"texture":"#0"},"east":{"uv":[8.75,2.125,7.625,2.25],"texture":"#0"},"south":{"uv":[9,6.75,8,6.875],"texture":"#0"},"west":{"uv":[8.625,4,7.5,4.125],"texture":"#0"},"up":{"uv":[0,4.5,1,3.375],"texture":"#0"},"down":{"uv":[3.375,0,4.375,1.125],"texture":"#0"}}},{"from":[11.17387,9.62463,3.96],"to":[18.25387,12.70463,12.04],"rotation":{"angle":-22.5,"axis":"z","origin":[15.82494,9.48466,6.94643]},"faces":{"north":{"uv":[8.125,4.5,7.25,4.875],"texture":"#0"},"east":{"uv":[8.25,4.125,7.25,4.5],"texture":"#0"},"south":{"uv":[0.875,7.5,0,7.875],"texture":"#0"},"west":{"uv":[8.25,2.25,7.25,2.625],"texture":"#0"},"up":{"uv":[2,5.75,2.875,4.75],"texture":"#0"},"down":{"uv":[1,5.125,1.875,6.125],"texture":"#0"}}},{"from":[16.17387,12.62463,6.96],"to":[17.25387,14.70463,9.04],"rotation":{"angle":-22.5,"axis":"z","origin":[15.82494,9.48466,6.94643]},"faces":{"north":{"uv":[8.625,3.125,8.5,3.375],"texture":"#0"},"east":{"uv":[2.625,8.5,2.375,8.75],"texture":"#0"},"south":{"uv":[8.625,3.625,8.5,3.875],"texture":"#0"},"west":{"uv":[2.375,8.5,2.125,8.75],"texture":"#0"},"up":{"uv":[8.5,4.375,8.625,4.125],"texture":"#0"},"down":{"uv":[8.5,4.875,8.625,5.125],"texture":"#0"}}},{"from":[13.17387,12.62463,6.96],"to":[15.25387,15.70463,9.04],"rotation":{"angle":-22.5,"axis":"z","origin":[15.82494,9.48466,6.94643]},"faces":{"north":{"uv":[5.125,8.25,4.875,8.625],"texture":"#0"},"east":{"uv":[7.75,8.25,7.5,8.625],"texture":"#0"},"south":{"uv":[7.5,8.25,7.25,8.625],"texture":"#0"},"west":{"uv":[5.375,8.25,5.125,8.625],"texture":"#0"},"up":{"uv":[8.375,3.625,8.625,3.375],"texture":"#0"},"down":{"uv":[8.375,4.375,8.625,4.625],"texture":"#0"}}},{"from":[13.67387,15.62463,7.46],"to":[14.75387,17.70463,8.54],"rotation":{"angle":-22.5,"axis":"z","origin":[15.82494,9.48466,6.94643]},"faces":{"north":{"uv":[8.625,1.25,8.5,1.5],"texture":"#0"},"east":{"uv":[8.625,2.625,8.5,2.875],"texture":"#0"},"south":{"uv":[8.625,2.25,8.5,2.5],"texture":"#0"},"west":{"uv":[8.625,1.75,8.5,2],"texture":"#0"},"up":{"uv":[8.5,5.875,8.625,5.75],"texture":"#0"},"down":{"uv":[8.5,5.875,8.625,6],"texture":"#0"}}},{"from":[16.67387,14.62463,7.46],"to":[16.75387,16.70463,8.54],"rotation":{"angle":-22.5,"axis":"z","origin":[15.82494,9.48466,6.94643]},"faces":{"north":{"uv":[0,0,0,0.25],"texture":"#0"},"east":{"uv":[8.625,5.375,8.5,5.625],"texture":"#0"},"south":{"uv":[0,0,0,0.25],"texture":"#0"},"west":{"uv":[8.625,5.125,8.5,5.375],"texture":"#0"},"up":{"uv":[0,0.125,0,0],"texture":"#0"},"down":{"uv":[0,0,0,0.125],"texture":"#0"}}},{"from":[1,4.125,-1.5],"to":[3,15.125,0.5],"rotation":{"angle":-22.5,"axis":"x","origin":[10,12.125,6.5]},"faces":{"north":{"uv":[0,9.37475,0.24975,10.74938],"texture":"#0"},"east":{"uv":[0,9.37475,0.24975,10.74938],"texture":"#0"},"south":{"uv":[0,9.37475,0.24975,10.74938],"texture":"#0"},"west":{"uv":[0,9.37475,0.24975,10.74938],"texture":"#0"},"up":{"uv":[0,0,0.25,0.25],"texture":"#missing"},"down":{"uv":[3.24975,10.37463,3.49963,10.6245],"texture":"#0"}}},{"from":[0,15.125,-2.5],"to":[4,23.125,1.5],"rotation":{"angle":-22.5,"axis":"x","origin":[10,12.125,6.5]},"faces":{"north":{"uv":[1.62475,11.99975,2.1245,12.99975],"texture":"#0"},"east":{"uv":[1.62475,11.99975,2.1245,12.99975],"texture":"#0"},"south":{"uv":[1.62475,11.99975,2.1245,12.99975],"texture":"#0"},"west":{"uv":[1.62475,11.99975,2.1245,12.99975],"texture":"#0"},"up":{"uv":[0,0,0.5,0.5],"texture":"#missing"},"down":{"uv":[2.37487,10.24975,2.8745,10.74938],"texture":"#0"}}},{"from":[-1,23.125,-3.5],"to":[5,30.125,2.5],"rotation":{"angle":-22.5,"axis":"x","origin":[10,12.125,6.5]},"faces":{"north":{"uv":[9.49975,3.625,10.24963,4.49988],"texture":"#0"},"east":{"uv":[9.49975,3.625,10.24963,4.49988],"texture":"#0"},"south":{"uv":[9.49975,3.625,10.24963,4.49988],"texture":"#0"},"west":{"uv":[9.49975,3.625,10.24963,4.49988],"texture":"#0"},"up":{"uv":[1.37438,11.12488,2.12388,11.87438],"texture":"#0"},"down":{"uv":[1.5,10.12487,2.25,10.87488],"texture":"#0"}}},{"from":[-4,23.125,-0.5],"to":[8,32,-0.5],"rotation":{"angle":-22.5,"axis":"x","origin":[10,12.125,6.5]},"faces":{"north":{"uv":[2.37463,11.74975,3.87425,12.85875],"texture":"#0"},"east":{"uv":[0,0,0,1.10938],"texture":"#missing"},"south":{"uv":[3.87425,11.74975,2.37463,12.85875],"texture":"#0"},"west":{"uv":[0,0,0,1.10938],"texture":"#missing"},"up":{"uv":[0,0,1.5,0],"texture":"#missing"},"down":{"uv":[0,0,1.5,0],"texture":"#missing"}}},{"from":[2,23.125,-6.5],"to":[2,32,5.5],"rotation":{"angle":-22.5,"axis":"x","origin":[10,12.125,6.5]},"faces":{"north":{"uv":[0,0,0,1.10938],"texture":"#missing"},"east":{"uv":[2.37463,11.74975,3.87425,12.85875],"texture":"#0"},"south":{"uv":[0,0,0,1.10938],"texture":"#missing"},"west":{"uv":[3.87425,11.74975,2.37463,12.85875],"texture":"#0"},"up":{"uv":[0,0,1.5,0],"rotation":90,"texture":"#missing"},"down":{"uv":[0,0,1.5,0],"rotation":270,"texture":"#missing"}}},{"from":[-1,30.125,-3.5],"to":[-1,32,2.5],"rotation":{"angle":-22.5,"axis":"x","origin":[10,12.125,6.5]},"faces":{"north":{"uv":[0,0,0,0.23438],"texture":"#missing"},"south":{"uv":[0,0,0,0.23438],"texture":"#missing"},"west":{"uv":[0.24975,12.12475,0.99963,12.359],"texture":"#0"},"up":{"uv":[0,0,0,0.75],"texture":"#missing"},"down":{"uv":[0,0,0,0.75],"texture":"#missing"}}},{"from":[5,30.125,-3.5],"to":[5,32,2.5],"rotation":{"angle":-22.5,"axis":"x","origin":[16,12.125,6.5]},"faces":{"north":{"uv":[0,0,0,0.23438],"texture":"#missing"},"east":{"uv":[0.24975,12.12475,0.99963,12.359],"texture":"#0"},"south":{"uv":[0,0,0,0.23438],"texture":"#missing"},"up":{"uv":[0,0,0,0.75],"texture":"#missing"},"down":{"uv":[0,0,0,0.75],"texture":"#missing"}}},{"from":[-1,30.125,-3.5],"to":[5,32,-3.5],"rotation":{"angle":-22.5,"axis":"x","origin":[16,12.125,6.5]},"faces":{"north":{"uv":[0.24975,12.12475,0.99963,12.359],"texture":"#0"},"east":{"uv":[0,0,0,0.23438],"texture":"#missing"},"west":{"uv":[0,0,0,0.23438],"texture":"#missing"},"up":{"uv":[0,0,0.75,0],"texture":"#missing"},"down":{"uv":[0,0,0.75,0],"texture":"#missing"}}},{"from":[-1,30.125,2.5],"to":[5,32,2.5],"rotation":{"angle":-22.5,"axis":"x","origin":[16,12.125,6.5]},"faces":{"east":{"uv":[0,0,0,0.23438],"texture":"#missing"},"south":{"uv":[0.24975,12.12475,0.99963,12.359],"texture":"#0"},"west":{"uv":[0,0,0,0.23438],"texture":"#missing"},"up":{"uv":[0,0,0.75,0],"texture":"#missing"},"down":{"uv":[0,0,0.75,0],"texture":"#missing"}}}],"display":{"head":{"translation":[0,-27,0],"scale":[1.5,1.5,1.5]}},"groups":[{"name":"head","origin":[12,20,12],"children":[0,1,2,3,4,5,6,7,8,9,10,11,12,13,14,15,16,17,18,19,20,21,22,23,24,25,26,27,28,29,30,31,32,33,34,35]},{"name":"body","origin":[8,8,8],"children":[36,37,38,39,40,41,42,43]},{"name":"right_leg","origin":[8,8,8],"children":[44,45,46,47,48,49,50]},{"name":"right_arm","origin":[8,8,8],"children":[51,52,53,54,55,56,57,58,59,60,61,62,63,64,65,66,67]},{"name":"left_leg","origin":[8,8,8],"children":[]},{"name":"left_arm","origin":[16,12,12],"children":[]},{"name":"right_leg","origin":[8,8,8],"children":[68,69,70,71,72]},{"name":"right_arm","origin":[8,8,8],"children":[73,74,75,76,77,78,79,80,81,82,83,84,85,86]},{"name":"club","origin":[8,8,8],"children":[87,88,89,90,91,92,93,94,95]}]}