{"credit":"MadewithBlockbench","texture_size":[64,64],"textures":{"0":"blocks/test/pickaxe"},"elements":[{"from":[8,-1.9,7],"to":[9,3.1,8],"rotation":{"angle":-22.5,"axis":"x","origin":[0,0,0]},"faces":{"north":{"uv":[0,7.5,1,12.5],"rotation":180,"texture":"#0"},"east":{"uv":[0,7.5,1,12.5],"texture":"#0"},"south":{"uv":[0,7.5,1,12.5],"rotation":180,"texture":"#0"},"west":{"uv":[0,7.5,1,12.5],"texture":"#0"},"up":{"uv":[0,0,0.25,0.25],"texture":"#0"},"down":{"uv":[0,0,0.25,0.25],"texture":"#0"}}},{"from":[8,8.60981,3.862],"to":[9,16.53481,4.862],"rotation":{"angle":22.5,"axis":"x","origin":[0,3.50981,-3.138]},"faces":{"north":{"uv":[0,3,1,10.5],"rotation":180,"texture":"#0"},"east":{"uv":[0,3,1,10.5],"texture":"#0"},"south":{"uv":[0,3,1,10.5],"rotation":180,"texture":"#0"},"west":{"uv":[0,3,1,10.5],"texture":"#0"},"up":{"uv":[0,0,0.25,0.25],"texture":"#0"},"down":{"uv":[0,0,0.25,0.25],"texture":"#0"}}},{"from":[8,6.6577,8.62903],"to":[9,10.4327,9.62903],"rotation":{"angle":-22.5,"axis":"x","origin":[0,8.5827,-5.12097]},"faces":{"north":{"uv":[0,0,1,4],"rotation":180,"texture":"#0"},"east":{"uv":[0,0,1,4],"texture":"#0"},"south":{"uv":[0,0,1,4],"rotation":180,"texture":"#0"},"west":{"uv":[0,0,1,4],"texture":"#0"},"up":{"uv":[0,0,0.25,0.25],"texture":"#0"},"down":{"uv":[0,0,0.25,0.25],"texture":"#0"}}},{"from":[7.75,0.75,6.75],"to":[9.25,2,8.25],"faces":{"north":{"uv":[5.5,1,5.875,1.3125],"texture":"#0"},"east":{"uv":[6,1,6.375,1.3125],"texture":"#0"},"south":{"uv":[6,0.5,6.375,0.8125],"texture":"#0"},"west":{"uv":[6,0.5,6.375,0.8125],"texture":"#0"},"up":{"uv":[6,1,6.375,1.375],"texture":"#0"},"down":{"uv":[6,1,6.375,1.375],"texture":"#0"}}},{"from":[7.75,15.25,6.75],"to":[9.25,18,8.25],"rotation":{"angle":0,"axis":"y","origin":[0,4,0]},"faces":{"north":{"uv":[3.5,1,3.875,1.4375],"texture":"#0"},"east":{"uv":[3.5,1,3.875,1.4375],"texture":"#0"},"south":{"uv":[3.5,1,3.875,1.4375],"texture":"#0"},"west":{"uv":[3.5,1,3.875,1.4375],"texture":"#0"},"up":{"uv":[3.5,1,3.875,1.375],"texture":"#0"},"down":{"uv":[3.5,1,3.875,1.375],"texture":"#0"}}},{"from":[7,6.925,16.65],"to":[9.95,10.375,17.65],"rotation":{"angle":-45,"axis":"x","origin":[0,3.4,0]},"faces":{"north":{"uv":[5.5,0.5,6.375,1.375],"texture":"#0"},"east":{"uv":[7.5,0.5,7.75,1.375],"texture":"#0"},"south":{"uv":[7.5,0,8,1.5],"texture":"#0"},"west":{"uv":[7.5,0.5,7.75,1.375],"texture":"#0"},"up":{"uv":[7.5,0.5,8.375,0.75],"texture":"#0"},"down":{"uv":[6,1.5,6.875,1.75],"texture":"#0"}}},{"from":[7.4925,-3.1122,5.1863],"to":[9.4945,-1.1388,5.7583],"rotation":{"angle":-45,"axis":"x","origin":[3.424,2.288,3.424]},"faces":{"north":{"uv":[6,0.5,6.875,1.375],"texture":"#0"},"east":{"uv":[7.5,0.5,7.75,1.375],"texture":"#0"},"south":{"uv":[7.5,0,8,1.5],"texture":"#0"},"west":{"uv":[7.5,0.5,7.75,1.375],"texture":"#0"},"up":{"uv":[6,1.5,6.875,1.75],"texture":"#0"},"down":{"uv":[6,1.5,6.875,1.75],"texture":"#0"}}},{"from":[7,27.26751,15.986],"to":[9.95,28.26751,19.486],"rotation":{"angle":-45,"axis":"x","origin":[0,10.11751,22.486]},"faces":{"north":{"uv":[3,1,3.875,1.25],"rotation":180,"texture":"#0"},"east":{"uv":[7.5,0.5,7.75,1.375],"rotation":270,"texture":"#0"},"south":{"uv":[7.5,0.5,8.375,0.75],"texture":"#0"},"west":{"uv":[7.5,0.5,7.75,1.375],"rotation":90,"texture":"#0"},"up":{"uv":[7.5,0,8,1.5],"rotation":180,"texture":"#0"},"down":{"uv":[5.5,1,6.375,1.875],"rotation":180,"texture":"#0"}}},{"from":[7.4925,8.52372,4.80649],"to":[9.4945,9.09572,6.80849],"rotation":{"angle":-45,"axis":"x","origin":[3.424,6.13042,16.28599]},"faces":{"north":{"uv":[5.5,1,6.375,1.25],"rotation":180,"texture":"#0"},"east":{"uv":[7.5,0.5,7.75,1.375],"rotation":270,"texture":"#0"},"south":{"uv":[7,0.5,7.875,0.75],"texture":"#0"},"west":{"uv":[7,0.5,7.25,1.375],"rotation":90,"texture":"#0"},"up":{"uv":[7.5,0,8,1.5],"rotation":180,"texture":"#0"},"down":{"uv":[5.5,0,6.375,0.875],"rotation":180,"texture":"#0"}}},{"from":[7,6.925,14.175],"to":[9.95,9.4,15.15],"rotation":{"angle":-45,"axis":"x","origin":[0,3.4,0]},"faces":{"north":{"uv":[5.5,0.5,6.375,1.375],"texture":"#0"},"east":{"uv":[6,0.5,6.25,1.375],"texture":"#0"},"south":{"uv":[6,0.5,6.875,1.375],"texture":"#0"},"west":{"uv":[6,1,6.25,1.875],"texture":"#0"},"up":{"uv":[5.5,1,6.375,1.25],"texture":"#0"},"down":{"uv":[5.5,1,6.375,1.25],"texture":"#0"}}},{"from":[7.4925,-3.1122,3.7706],"to":[9.4945,-1.6965,4.3283],"rotation":{"angle":-45,"axis":"x","origin":[3.424,2.288,3.424]},"faces":{"north":{"uv":[5.5,0.5,6.375,1.375],"texture":"#0"},"east":{"uv":[6,0.5,6.25,1.375],"texture":"#0"},"south":{"uv":[6,0.5,6.875,1.375],"texture":"#0"},"west":{"uv":[6,1,6.25,1.875],"texture":"#0"},"up":{"uv":[5.5,1,6.375,1.25],"texture":"#0"},"down":{"uv":[5.5,1,6.375,1.25],"texture":"#0"}}},{"from":[7,24.79251,16.986],"to":[9.95,25.76751,18.486],"rotation":{"angle":-45,"axis":"x","origin":[0,10.11751,22.486]},"faces":{"north":{"uv":[5.5,1,6.375,1.25],"rotation":180,"texture":"#0"},"east":{"uv":[6,1,6.25,1.875],"rotation":90,"texture":"#0"},"south":{"uv":[5.5,1,6.375,1.25],"texture":"#0"},"west":{"uv":[6,0.5,6.25,1.375],"rotation":270,"texture":"#0"},"up":{"uv":[6,0.5,6.875,1.375],"texture":"#0"},"down":{"uv":[5.5,0.5,6.375,1.375],"rotation":180,"texture":"#0"}}},{"from":[7.86304,17.65469,8.9241],"to":[9.30448,19.09613,11.1417],"rotation":{"angle":0,"axis":"y","origin":[-3.9272,13.04477,28.9161]},"faces":{"north":{"uv":[5.5,1,6.375,1.25],"rotation":180,"texture":"#0"},"east":{"uv":[8,6.5,6,7.5],"texture":"#0"},"south":{"uv":[5.5,1,6.375,1.25],"texture":"#0"},"west":{"uv":[6,6.5,8,7.5],"texture":"#0"},"up":{"uv":[5.5,0.5,6.375,1.375],"texture":"#0"},"down":{"uv":[5.5,0.5,6.375,1.375],"rotation":180,"texture":"#0"}}},{"from":[7.967,10.36312,5.27151],"to":[9.254,11.65012,7.25151],"rotation":{"angle":22.5,"axis":"x","origin":[-2.56,6.24712,23.12151]},"faces":{"north":{"uv":[5.5,1,6.375,1.25],"rotation":180,"texture":"#0"},"east":{"uv":[8,6.5,6,7.5],"texture":"#0"},"south":{"uv":[5.5,1,6.375,1.25],"texture":"#0"},"west":{"uv":[6,6.5,8,7.5],"texture":"#0"},"up":{"uv":[5.5,0.5,6.375,1.375],"texture":"#0"},"down":{"uv":[5.5,0.5,6.375,1.375],"rotation":180,"texture":"#0"}}},{"from":[7.967,25.14988,5.27151],"to":[9.254,26.43688,7.25151],"rotation":{"angle":-22.5,"axis":"x","origin":[-2.56,30.55288,23.12151]},"faces":{"north":{"uv":[5.5,1.25,6.375,1],"rotation":180,"texture":"#0"},"east":{"uv":[8,6.5,6,7.5],"texture":"#0"},"south":{"uv":[5.5,1.25,6.375,1],"texture":"#0"},"west":{"uv":[8,6.5,6,7.5],"rotation":180,"texture":"#0"},"up":{"uv":[5.5,1.375,6.375,0.5],"rotation":180,"texture":"#0"},"down":{"uv":[5.5,1.375,6.375,0.5],"texture":"#0"}}},{"from":[7.88804,7.84891,1.89293],"to":[9.27948,8.87035,2.90653],"rotation":{"angle":45,"axis":"x","origin":[-3.9272,2.81899,18.86093]},"faces":{"north":{"uv":[5.5,1,6.375,1.25],"rotation":180,"texture":"#0"},"east":{"uv":[9,9.5,10,8.5],"rotation":180,"texture":"#0"},"south":{"uv":[5.5,1,6.375,1.25],"texture":"#0"},"west":{"uv":[9,8.5,10,9.5],"texture":"#0"},"up":{"uv":[5.5,0.5,6.375,1.375],"texture":"#0"},"down":{"uv":[5.5,0.5,6.375,1.375],"rotation":180,"texture":"#0"}}},{"from":[7.992,15.49261,15.82412],"to":[9.229,16.39761,16.73612],"rotation":{"angle":-22.5,"axis":"x","origin":[-2.56,1.24761,11.33312]},"faces":{"north":{"uv":[5.5,0.5,6.375,1.375],"texture":"#0"},"east":{"uv":[9,9.5,10,8.5],"rotation":90,"texture":"#0"},"south":{"uv":[5.5,0.5,6.375,1.375],"texture":"#0"},"west":{"uv":[9,8.5,10,9.5],"rotation":90,"texture":"#0"},"up":{"uv":[5.5,1,6.375,1.25],"texture":"#0"},"down":{"uv":[5.5,1,6.375,1.25],"texture":"#0"}}},{"from":[7.992,20.40239,15.82412],"to":[9.229,21.30739,16.73612],"rotation":{"angle":22.5,"axis":"x","origin":[-2.56,35.55239,11.33312]},"faces":{"north":{"uv":[5.5,1.375,6.375,0.5],"texture":"#0"},"east":{"uv":[9,9.5,10,8.5],"rotation":180,"texture":"#0"},"south":{"uv":[5.5,1.375,6.375,0.5],"texture":"#0"},"west":{"uv":[9,9.5,10,8.5],"rotation":270,"texture":"#0"},"up":{"uv":[5.5,1.25,6.375,1],"texture":"#0"},"down":{"uv":[5.5,1.25,6.375,1],"texture":"#0"}}},{"from":[7.4925,7.10802,5.37849],"to":[9.4945,7.66572,6.23649],"rotation":{"angle":-45,"axis":"x","origin":[3.424,6.13042,16.28599]},"faces":{"north":{"uv":[5.5,1,6.375,1.25],"rotation":180,"texture":"#0"},"east":{"uv":[6,0.5,6.25,1.375],"rotation":90,"texture":"#0"},"south":{"uv":[5.5,1,6.375,1.25],"texture":"#0"},"west":{"uv":[6,0.5,6.25,1.375],"rotation":270,"texture":"#0"},"up":{"uv":[6,0.5,6.875,1.375],"texture":"#0"},"down":{"uv":[5.5,0.5,6.375,1.375],"rotation":180,"texture":"#0"}}},{"from":[7.25,25.26751,16.486],"to":[9.75,27.76751,18.986],"rotation":{"angle":-45,"axis":"x","origin":[0,10.11751,22.486]},"faces":{"north":{"uv":[0,0,0.625,0.625],"rotation":180,"texture":"#0"},"east":{"uv":[10.5,3.5,11.5,4.5],"rotation":90,"texture":"#0"},"south":{"uv":[0,0,0.625,0.625],"texture":"#0"},"west":{"uv":[10.5,3.5,11.5,4.5],"rotation":180,"texture":"#0"},"up":{"uv":[0,0,0.625,0.625],"texture":"#0"},"down":{"uv":[0,0,0.625,0.625],"rotation":180,"texture":"#0"}}},{"from":[7.7785,7.37972,5.09249],"to":[9.2085,8.80972,6.52249],"rotation":{"angle":-45,"axis":"x","origin":[3.424,6.13042,16.28599]},"faces":{"north":{"uv":[0,0,0.625,0.625],"rotation":180,"texture":"#0"},"east":{"uv":[10.5,3.5,11.5,4.5],"rotation":90,"texture":"#0"},"south":{"uv":[0,0,0.625,0.625],"texture":"#0"},"west":{"uv":[10.5,3.5,11.5,4.5],"rotation":180,"texture":"#0"},"up":{"uv":[0,0,0.625,0.625],"texture":"#0"},"down":{"uv":[0,0,0.625,0.625],"rotation":180,"texture":"#0"}}},{"from":[7.75,16.5,3.8],"to":[9.25,19.75,6.8],"rotation":{"angle":0,"axis":"y","origin":[0,3.4,0]},"faces":{"north":{"uv":[3,0,4,2],"texture":"#0"},"east":{"uv":[7,0,9,2],"texture":"#0"},"south":{"uv":[0,0,0.375,0.8125],"texture":"#0"},"west":{"uv":[6.5,0,8.5,2],"texture":"#0"},"up":{"uv":[4.5,0,5.5,2],"texture":"#0"},"down":{"uv":[5.5,0,6.5,2],"texture":"#0"}}},{"from":[8.475,13.5,-2.95],"to":[8.5,19.75,3.8],"rotation":{"angle":0,"axis":"y","origin":[0,3.4,0]},"faces":{"north":{"uv":[11.5,14.5,11.5,16.0625],"texture":"#0"},"east":{"uv":[11.5,12,16,16],"texture":"#0"},"south":{"uv":[11.5,14.5,11.5,16.0625],"texture":"#0"},"west":{"uv":[7,12,11.5,16],"texture":"#0"},"up":{"uv":[11.5,14.5,11.5,16.1875],"texture":"#0"},"down":{"uv":[11.5,14.5,11.5,16.1875],"texture":"#0"}}}],"display":{"thirdperson":{"translation":[0,2,0],"rotation":[-75,190,175],"scale":[1.3,1.3,1.3]},"firstperson":{"rotation":[0,-50,0],"translation":[0,3,3],"scale":[1,1,1]},"ground":{"translation":[0,2,0],"scale":[0.5,0.5,0.5]},"gui":{"rotation":[0,20,0],"translation":[0,-1,0],"scale":[1,1,1]},"head":{"rotation":[0,180,0],"translation":[0,13,7]},"fixed":{"rotation":[0,-90,0],"translation":[-0.5,-1.75,-1.25]}},"groups":[{"name":"group","origin":[0,0,0],"children":[0,1,2,3,4,5,6,7,8,9,10,11,12,13,14,15,16,17,18,19,20,21,22]}]}