{
	"credit": "Made with Blockbench",
	"texture_size": [32, 32],
	"textures": {
		"0": "blocks/galactic/horns",
		"1": "blocks/galactic/wings",
		"2": "blocks/galactic/dragon",
		"3": "blocks/galactic/pawsandtail",
		"4": "blocks/galactic/planets",
		"particle": "blocks/galactic/horns"
	},
	"elements": [
		{
			"name": "Head",
			"from": [-0.5279, 8.0567, 2.89687],
			"to": [9.67836, 18.26296, 13.10313],
			"rotation": {"angle": 0, "axis": "y", "origin": [26.6888, 35.2734, 30.11357]},
			"faces": {
				"north": {"uv": [3.5, 0, 7, 3.5], "texture": "#2"},
				"east": {"uv": [12, 0, 15.5, 3.5], "texture": "#2"},
				"south": {"uv": [7, 0, 10.5, 3.5], "texture": "#2"},
				"west": {"uv": [0, 0, 3.5, 3.5], "texture": "#2"},
				"up": {"uv": [0, 3.5, 3.5, 7], "texture": "#2"},
				"down": {"uv": [0, 3.5, 3.5, 7], "texture": "#2"}
			}
		},
		{
			"name": "Body",
			"from": [12.05982, 6.52576, 3.74739],
			"to": [19.71452, 20.98463, 12.25261],
			"rotation": {"angle": 22.5, "axis": "z", "origin": [38.426, -6.23206, 30.11357]},
			"faces": {
				"north": {"uv": [0, 11.5, 5, 14.5], "rotation": 270, "texture": "#2"},
				"east": {"uv": [5, 11.5, 10, 14.5], "rotation": 90, "texture": "#2"},
				"south": {"uv": [5, 8.5, 10, 11.5], "rotation": 90, "texture": "#2"},
				"west": {"uv": [0, 8.5, 5, 11.5], "rotation": 90, "texture": "#2"},
				"up": {"uv": [0, 8.5, 1.5, 11.5], "rotation": 90, "texture": "#2"},
				"down": {"uv": [3.5, 8.5, 6, 11.5], "texture": "#2"}
			}
		},
		{
			"from": [-7.33207, 16.81708, 8.51031],
			"to": [-7.33207, 27.02334, 17.35574],
			"rotation": {"angle": -22.5, "axis": "y", "origin": [19.88462, 44.03377, 34.36617]},
			"faces": {
				"north": {"uv": [0, 0, 0, 1.5], "texture": "#0"},
				"east": {"uv": [4.5, 6, 7.5, 9.505], "texture": "#0"},
				"south": {"uv": [0, 0, 0, 1.5], "texture": "#0"},
				"west": {"uv": [0.5, 6, 3.5, 9.505], "texture": "#0"},
				"up": {"uv": [0, 0, 0, 1.5], "texture": "#0"},
				"down": {"uv": [0, 0, 0, 1.5], "texture": "#0"}
			}
		},
		{
			"from": [-7.33207, 16.81708, -1.35574],
			"to": [-7.33207, 27.02334, 7.48969],
			"rotation": {"angle": 22.5, "axis": "y", "origin": [19.88462, 44.03377, -18.36617]},
			"faces": {
				"north": {"uv": [0, 0, 0, 1.5], "texture": "#0"},
				"east": {"uv": [0.5, 6, 3.5, 9.505], "texture": "#0"},
				"south": {"uv": [0, 0, 0, 1.5], "texture": "#0"},
				"west": {"uv": [3.5, 6, 0.5, 9.5005], "texture": "#0"},
				"up": {"uv": [0, 1.5, 0, 0], "texture": "#0"},
				"down": {"uv": [0, 1.5, 0, 0], "texture": "#0"}
			}
		},
		{
			"from": [19.88462, -15.75791, 4.59791],
			"to": [25.83828, -8.95373, 11.40209],
			"rotation": {"angle": -22.5, "axis": "z", "origin": [47.10132, 11.45879, 31.81461]},
			"faces": {
				"north": {"uv": [0.5, 0, 2.5, 2.5], "texture": "#3"},
				"east": {"uv": [9.5, 0, 11.5, 2.5], "rotation": 90, "texture": "#3"},
				"south": {"uv": [0, 0, 2, 2.5], "texture": "#3"},
				"west": {"uv": [0, 0, 1, 1], "texture": "#3"},
				"up": {"uv": [13, 4, 15, 6.5], "texture": "#3"},
				"down": {"uv": [14, 0, 16, 2.5], "texture": "#3"}
			}
		},
		{
			"from": [17.16295, -5.21144, 5.44843],
			"to": [22.26608, -0.10831, 10.55157],
			"rotation": {"angle": 0, "axis": "y", "origin": [42.67861, 21.15474, 31.81461]},
			"faces": {
				"north": {"uv": [1, 0, 2, 1], "texture": "#3"},
				"east": {"uv": [0, 0, 1, 0.5], "texture": "#3"},
				"south": {"uv": [0.5, 0, 1.5, 1], "texture": "#3"},
				"west": {"uv": [0, 0, 0.75, 0.75], "texture": "#3"},
				"up": {"uv": [0, 0, 2, 1], "texture": "#3"},
				"down": {"uv": [11.5, 0, 14, 2.5], "texture": "#3"}
			}
		},
		{
			"from": [10.35878, 3.29378, 6.29896],
			"to": [13.76087, 6.69587, 9.70104],
			"rotation": {"angle": 22.5, "axis": "z", "origin": [35.87443, 28.80943, 31.81461]},
			"faces": {
				"north": {"uv": [0, 0, 0.5, 0.5], "texture": "#3"},
				"east": {"uv": [0, 0, 0.5, 0.5], "texture": "#3"},
				"south": {"uv": [0, 0, 0.5, 0.5], "texture": "#3"},
				"west": {"uv": [0, 0, 0.5, 0.5], "texture": "#3"},
				"up": {"uv": [0, 0, 0.5, 0.5], "texture": "#3"},
				"down": {"uv": [0, 0, 0.5, 0.5], "texture": "#3"}
			}
		},
		{
			"from": [-9.20322, 7.37628, 12.25261],
			"to": [-1.54852, 10.77837, 15.6547],
			"rotation": {"angle": 22.5, "axis": "z", "origin": [9.50826, 34.59298, 32.66513]},
			"faces": {
				"north": {"uv": [0, 4.5, 2.5, 5.5], "texture": "#3"},
				"east": {"uv": [0, 0, 0.5, 0.5], "texture": "#3"},
				"south": {"uv": [0, 3.5, 2.5, 4.5], "texture": "#3"},
				"west": {"uv": [0, 3.5, 0.5, 4.5], "texture": "#3"},
				"up": {"uv": [2.5, 3.5, 5, 4.5], "texture": "#3"},
				"down": {"uv": [2.5, 4.5, 5, 5.5], "texture": "#3"}
			}
		},
		{
			"from": [-9.20322, 7.37628, 0.3453],
			"to": [-1.54852, 10.77837, 3.74739],
			"rotation": {"angle": 22.5, "axis": "z", "origin": [9.50826, 34.59298, 20.75783]},
			"faces": {
				"north": {"uv": [0, 4.5, 2.5, 5.5], "texture": "#3"},
				"east": {"uv": [0, 0, 0.5, 0.5], "texture": "#3"},
				"south": {"uv": [0, 3.5, 2.5, 4.5], "texture": "#3"},
				"west": {"uv": [0, 3.5, 0.5, 4.5], "texture": "#3"},
				"up": {"uv": [2.5, 3.5, 5, 4.5], "texture": "#3"},
				"down": {"uv": [2.5, 4.5, 5, 5.5], "texture": "#3"}
			}
		},
		{
			"from": [8.82784, -4.10576, 12.25261],
			"to": [15.63202, 2.69841, 15.6547],
			"rotation": {"angle": 0, "axis": "y", "origin": [32.64245, 23.11094, 42.02087]},
			"faces": {
				"north": {"uv": [0, 0, 2.5, 2.5], "texture": "#3"},
				"east": {"uv": [0, 0, 1.5, 2.5], "texture": "#3"},
				"south": {"uv": [0, 0, 2.5, 2.5], "texture": "#3"},
				"west": {"uv": [1, 0, 2.5, 2.5], "texture": "#3"},
				"up": {"uv": [0, 0, 1, 0.5], "texture": "#3"},
				"down": {"uv": [0, 1, 2.5, 2.5], "rotation": 180, "texture": "#3"}
			}
		},
		{
			"from": [-5.29082, -0.36346, 12.25261],
			"to": [0.66283, 1.76284, 15.6547],
			"rotation": {"angle": 22.5, "axis": "z", "origin": [18.52379, 26.85323, 42.02087]},
			"faces": {
				"north": {"uv": [0, 8.5, 2.5, 9.5], "texture": "#3"},
				"east": {"uv": [0, 9.5, 1.5, 10.5], "texture": "#3"},
				"south": {"uv": [1.5, 7.5, 4, 8.5], "texture": "#3"},
				"west": {"uv": [0, 7.5, 1.5, 8.5], "texture": "#3"},
				"up": {"uv": [0, 13, 2.5, 14.5], "texture": "#3"},
				"down": {"uv": [0, 14.5, 2.5, 16], "texture": "#3"}
			}
		},
		{
			"from": [8.82784, -4.10576, 0.3453],
			"to": [15.63202, 2.69841, 3.74739],
			"rotation": {"angle": 0, "axis": "y", "origin": [32.64245, 23.11094, 30.11357]},
			"faces": {
				"north": {"uv": [0, 0, 2.5, 2.5], "texture": "#3"},
				"east": {"uv": [1, 0, 2.5, 2.5], "texture": "#3"},
				"south": {"uv": [0, 0, 2.5, 2.5], "texture": "#3"},
				"west": {"uv": [0, 0, 1.5, 2.5], "texture": "#3"},
				"up": {"uv": [0, 0, 1, 0.5], "texture": "#3"},
				"down": {"uv": [0, 1, 2.5, 2.5], "texture": "#3"}
			}
		},
		{
			"from": [-5.29082, -0.36346, 0.3453],
			"to": [0.66283, 1.76284, 3.74739],
			"rotation": {"angle": 22.5, "axis": "z", "origin": [18.52379, 26.85323, 30.11357]},
			"faces": {
				"north": {"uv": [0, 8.5, 2.5, 9.5], "texture": "#3"},
				"east": {"uv": [0, 9.5, 1.5, 10.5], "texture": "#3"},
				"south": {"uv": [1.5, 7.5, 4, 8.5], "texture": "#3"},
				"west": {"uv": [0, 7.5, 1.5, 8.5], "texture": "#3"},
				"up": {"uv": [0, 13, 2.5, 14.5], "texture": "#3"},
				"down": {"uv": [0, 14.5, 2.5, 16], "texture": "#3"}
			}
		},
		{
			"from": [18.864, 16.73202, 5.44843],
			"to": [31.62182, 24.38672, 5.44843],
			"rotation": {"angle": 22.5, "axis": "z", "origin": [45.23017, -2.82998, 23.30939]},
			"faces": {
				"north": {"uv": [0.5, 0.5, 3, 4.5], "rotation": 270, "texture": "#1"},
				"east": {"uv": [0, 0, 1.125, 0], "rotation": 90, "texture": "#1"},
				"south": {"uv": [0.5, 5, 3, 9], "rotation": 270, "texture": "#1"},
				"west": {"uv": [0, 0, 1.125, 0], "rotation": 90, "texture": "#1"},
				"up": {"uv": [0, 0, 0, 1.875], "rotation": 90, "texture": "#1"},
				"down": {"uv": [0, 0, 0, 1.875], "rotation": 90, "texture": "#1"}
			}
		},
		{
			"from": [18.864, 16.73202, 10.55157],
			"to": [31.62182, 24.38672, 10.55157],
			"rotation": {"angle": 22.5, "axis": "z", "origin": [45.23017, -2.82998, 28.41252]},
			"faces": {
				"north": {"uv": [0.5, 0.5, 3, 4.5], "rotation": 270, "texture": "#1"},
				"east": {"uv": [0, 0, 1.125, 0], "rotation": 90, "texture": "#1"},
				"south": {"uv": [0.5, 5, 3, 9], "rotation": 270, "texture": "#1"},
				"west": {"uv": [0, 0, 1.125, 0], "rotation": 90, "texture": "#1"},
				"up": {"uv": [0, 0, 0, 1.875], "rotation": 90, "texture": "#1"},
				"down": {"uv": [0, 0, 0, 1.875], "rotation": 90, "texture": "#1"}
			}
		},
		{
			"from": [11.25708, 12.39171, -3.46704],
			"to": [13.94808, 15.08271, -0.77604],
			"rotation": {"angle": 0, "axis": "y", "origin": [35.54508, 33.91971, 20.96096]},
			"faces": {
				"north": {"uv": [0, 0, 1, 1], "rotation": 90, "texture": "#4"},
				"east": {"uv": [0, 0, 1, 1], "rotation": 270, "texture": "#4"},
				"south": {"uv": [0, 0, 1, 1], "rotation": 180, "texture": "#4"},
				"west": {"uv": [0, 0, 1, 1], "texture": "#4"},
				"up": {"uv": [0, 0, 1, 1], "texture": "#4"},
				"down": {"uv": [0, 0, 1, 1], "rotation": 90, "texture": "#4"}
			}
		},
		{
			"from": [2.98398, 5.39511, 18.33356],
			"to": [5.67498, 8.08611, 21.02456],
			"rotation": {"angle": 0, "axis": "y", "origin": [24.51198, 26.92311, 38.72156]},
			"faces": {
				"north": {"uv": [4, 0, 5, 1], "texture": "#4"},
				"east": {"uv": [4, 0, 5, 1], "texture": "#4"},
				"south": {"uv": [4, 0, 5, 1], "texture": "#4"},
				"west": {"uv": [4, 0, 5, 1], "texture": "#4"},
				"up": {"uv": [4, 0, 5, 1], "texture": "#4"},
				"down": {"uv": [4, 0, 5, 1], "texture": "#4"}
			}
		},
		{
			"from": [10.58433, 13.73721, -5.21619],
			"to": [14.62083, 13.73721, -4.13979],
			"rotation": {"angle": 0, "axis": "y", "origin": [36.21783, 34.59246, 18.26996]},
			"faces": {
				"north": {"uv": [0, 2, 1.5, 2.5], "texture": "#4"},
				"east": {"uv": [0, 2, 1.5, 2.5], "texture": "#4"},
				"south": {"uv": [0, 2, 1.5, 2.5], "texture": "#4"},
				"west": {"uv": [0, 2, 1.5, 2.5], "texture": "#4"},
				"up": {"uv": [0, 2, 1.5, 2.5], "texture": "#4"},
				"down": {"uv": [0, 2, 1.5, 2.5], "texture": "#4"}
			}
		},
		{
			"from": [2.31123, 6.74061, 16.58441],
			"to": [6.34773, 6.74061, 17.66081],
			"rotation": {"angle": 0, "axis": "y", "origin": [25.18473, 27.59586, 36.03056]},
			"faces": {
				"north": {"uv": [4.5, 1.5, 5, 2], "texture": "#4"},
				"east": {"uv": [4, 1.5, 5.5, 2], "texture": "#4"},
				"south": {"uv": [4.5, 1.5, 5, 2], "texture": "#4"},
				"west": {"uv": [4, 1.5, 5.5, 2], "texture": "#4"},
				"up": {"uv": [4, 1.5, 6, 2], "texture": "#4"},
				"down": {"uv": [4, 1.5, 5, 2], "texture": "#4"}
			}
		},
		{
			"from": [10.58433, 13.73721, -0.10329],
			"to": [14.62083, 13.73721, 0.97311],
			"rotation": {"angle": 0, "axis": "y", "origin": [35.54508, 34.59246, 23.65196]},
			"faces": {
				"north": {"uv": [0, 2, 1.5, 2.5], "texture": "#4"},
				"east": {"uv": [0, 2, 1.5, 2.5], "texture": "#4"},
				"south": {"uv": [0, 2, 1.5, 2.5], "texture": "#4"},
				"west": {"uv": [0, 2, 1.5, 2.5], "texture": "#4"},
				"up": {"uv": [0, 2, 1.5, 2.5], "texture": "#4"},
				"down": {"uv": [0, 2, 1.5, 2.5], "texture": "#4"}
			}
		},
		{
			"from": [2.31123, 6.74061, 21.69731],
			"to": [6.34773, 6.74061, 22.77371],
			"rotation": {"angle": 0, "axis": "y", "origin": [24.51198, 27.59586, 41.41256]},
			"faces": {
				"north": {"uv": [4.5, 1.5, 5, 2], "texture": "#4"},
				"east": {"uv": [4, 1.5, 5.5, 2], "texture": "#4"},
				"south": {"uv": [4.5, 1.5, 5, 2], "texture": "#4"},
				"west": {"uv": [4, 1.5, 5.5, 2], "texture": "#4"},
				"up": {"uv": [4, 1.5, 6, 2], "texture": "#4"},
				"down": {"uv": [4, 1.5, 5, 2], "texture": "#4"}
			}
		},
		{
			"from": [14.62083, 13.73721, -5.21619],
			"to": [15.69723, 13.73721, 0.97311],
			"rotation": {"angle": 0, "axis": "y", "origin": [38.90883, 34.59246, 23.65196]},
			"faces": {
				"north": {"uv": [0, 2, 0.5, 2.5], "texture": "#4"},
				"east": {"uv": [0, 2, 2.5, 2.5], "texture": "#4"},
				"south": {"uv": [0, 2, 0.5, 2.5], "rotation": 180, "texture": "#4"},
				"west": {"uv": [0, 2, 2.5, 2.5], "texture": "#4"},
				"up": {"uv": [0, 2, 2.5, 2.5], "rotation": 90, "texture": "#4"},
				"down": {"uv": [0, 2, 2.5, 2.5], "rotation": 90, "texture": "#4"}
			}
		},
		{
			"from": [6.34773, 6.74061, 16.58441],
			"to": [7.42413, 6.74061, 22.77371],
			"rotation": {"angle": 0, "axis": "y", "origin": [27.87573, 27.59586, 41.41256]},
			"faces": {
				"north": {"uv": [4.5, 1.5, 5, 2], "texture": "#4"},
				"east": {"uv": [4, 1.5, 5.5, 2], "texture": "#4"},
				"south": {"uv": [4.5, 1.5, 5, 2], "texture": "#4"},
				"west": {"uv": [4, 1.5, 5.5, 2], "texture": "#4"},
				"up": {"uv": [4, 1.5, 6, 2], "texture": "#4"},
				"down": {"uv": [4, 1.5, 5, 2], "texture": "#4"}
			}
		},
		{
			"from": [9.50793, 13.73721, -5.21619],
			"to": [10.58433, 13.73721, 0.97311],
			"rotation": {"angle": 0, "axis": "y", "origin": [33.52683, 34.59246, 23.65196]},
			"faces": {
				"north": {"uv": [0, 2, 0.5, 2.5], "rotation": 270, "texture": "#4"},
				"east": {"uv": [0, 2, 2.5, 2.5], "texture": "#4"},
				"south": {"uv": [0, 2, 0.5, 2.5], "texture": "#4"},
				"west": {"uv": [0, 2, 2.5, 2.5], "texture": "#4"},
				"up": {"uv": [0, 2, 2.5, 2.5], "rotation": 90, "texture": "#4"},
				"down": {"uv": [0, 2, 2.5, 2.5], "rotation": 90, "texture": "#4"}
			}
		},
		{
			"from": [1.23483, 6.74061, 16.58441],
			"to": [2.31123, 6.74061, 22.77371],
			"rotation": {"angle": 0, "axis": "y", "origin": [22.49373, 27.59586, 41.41256]},
			"faces": {
				"north": {"uv": [4.5, 1.5, 5, 2], "texture": "#4"},
				"east": {"uv": [4, 1.5, 5.5, 2], "texture": "#4"},
				"south": {"uv": [4.5, 1.5, 5, 2], "texture": "#4"},
				"west": {"uv": [4, 1.5, 5.5, 2], "texture": "#4"},
				"up": {"uv": [4, 1.5, 6, 2], "texture": "#4"},
				"down": {"uv": [4, 1.5, 5, 2], "texture": "#4"}
			}
		}
	],
	"display": {
		"thirdperson_righthand": {
			"rotation": [90, -90, 0],
			"translation": [-6, -17, 13.5],
			"scale": [2.2, 2.2, 2.2]
		},
		"firstperson_righthand": {
			"translation": [3.5, 5, 0]
		},
		"firstperson_lefthand": {
			"rotation": [0, -180, 0],
			"translation": [3.25, 6, 0.75]
		},
		"ground": {
			"translation": [0, 5, 0]
		},
		"gui": {
			"rotation": [18, 144, 0],
			"translation": [-1.5, 6, 0],
			"scale": [1.3, 1.3, 1.3]
		},
		"fixed": {
			"translation": [2, 8.25, 0],
			"scale": [2, 2, 2]
		}
	},
	"groups": [0, 1,
		{
			"name": "Horns",
			"origin": [9.5, 14.575, 0.25],
			"children": [2, 3]
		},
		{
			"name": "Tail",
			"origin": [14.2, 10.1, 15],
			"children": [4, 5, 6]
		},
		{
			"name": "Paws",
			"origin": [12.5, 7.925, 14.5],
			"children": [7, 8, 9, 10, 11, 12]
		},
		{
			"name": "Wings",
			"origin": [16.95, 0.8, 12.5],
			"children": [13, 14]
		},
		{
			"name": "Planets",
			"origin": [13.15, 11.65, 20.6],
			"children": [15, 16, 17, 18, 19, 20, 21, 22, 23, 24]
		}
	]
}
