{"credit":"MadewithBlockbench","texture_size":[32,32],"textures":{"0":"blocks/neon/horns","1":"blocks/neon/wings","2":"blocks/neon/dragon","3":"blocks/neon/pawsandtail","4":"blocks/neon/laser","particle":"blocks/neon/horns"},"elements":[{"name":"Head","from":[-2.09316,12.94132,2.93847],"to":[8.11509,23.14957,13.14672],"rotation":{"angle":0,"axis":"y","origin":[25.12884,40.16332,30.16047]},"faces":{"north":{"uv":[3.5,0,7,3.5],"texture":"#2"},"east":{"uv":[12,0,15.5,3.5],"texture":"#2"},"south":{"uv":[7,0,10.5,3.5],"texture":"#2"},"west":{"uv":[0,0,3.5,3.5],"texture":"#2"},"up":{"uv":[0,3.5,3.5,7],"texture":"#2"},"down":{"uv":[0,3.5,3.5,7],"texture":"#2"}}},{"name":"Body","from":[10.49702,11.41009,3.78916],"to":[18.1532,25.87177,12.29604],"rotation":{"angle":22.5,"axis":"z","origin":[36.86833,-1.35023,30.16047]},"faces":{"north":{"uv":[0,11.5,5,14.5],"rotation":270,"texture":"#2"},"east":{"uv":[5,11.5,10,14.5],"rotation":90,"texture":"#2"},"south":{"uv":[5,8.5,10,11.5],"rotation":90,"texture":"#2"},"west":{"uv":[0,8.5,5,11.5],"rotation":90,"texture":"#2"},"up":{"uv":[0,8.5,1.5,11.5],"rotation":90,"texture":"#2"},"down":{"uv":[2.5,8.5,5,11.5],"texture":"#2"}}},{"from":[-8.89866,21.70341,8.55301],"to":[-8.89866,31.91166,17.40016],"rotation":{"angle":-22.5,"axis":"y","origin":[18.32334,48.92541,34.41391]},"faces":{"north":{"uv":[0,0,0,1.5],"texture":"#0"},"east":{"uv":[4.5,6,7.5,9.505],"texture":"#0"},"south":{"uv":[0,0,0,1.5],"texture":"#0"},"west":{"uv":[0.5,6,3.5,9.505],"texture":"#0"},"up":{"uv":[0,0,0,1.5],"texture":"#0"},"down":{"uv":[0,0,0,1.5],"texture":"#0"}}},{"from":[-8.89866,21.70341,-1.31496],"to":[-8.89866,31.91166,7.53219],"rotation":{"angle":22.5,"axis":"y","origin":[18.32334,48.92541,-18.32871]},"faces":{"north":{"uv":[0,0,0,1.5],"texture":"#0"},"east":{"uv":[0.5,6,3.5,9.505],"texture":"#0"},"south":{"uv":[0,0,0,1.5],"texture":"#0"},"west":{"uv":[3.5,6,0.5,9.5005],"texture":"#0"},"up":{"uv":[0,1.5,0,0],"texture":"#0"},"down":{"uv":[0,1.5,0,0],"texture":"#0"}}},{"from":[18.32334,-10.87793,4.63985],"to":[24.27815,-4.07243,11.44535],"rotation":{"angle":-22.5,"axis":"z","origin":[45.54534,16.34407,31.86185]},"faces":{"north":{"uv":[0.5,3,2.5,5.5],"texture":"#3"},"east":{"uv":[9.5,0,11.5,2.5],"rotation":90,"texture":"#3"},"south":{"uv":[0,3,2,5.5],"texture":"#3"},"west":{"uv":[0,0,1,1],"texture":"#3"},"up":{"uv":[13,4,15,6.5],"texture":"#3"},"down":{"uv":[14,0,16,2.5],"texture":"#3"}}},{"from":[15.60114,-0.3294,5.49054],"to":[20.70527,4.77472,10.59466],"rotation":{"angle":0,"axis":"y","origin":[41.12177,26.04191,31.86185]},"faces":{"north":{"uv":[1,2,2,3],"texture":"#3"},"east":{"uv":[0,0,1,0.5],"texture":"#3"},"south":{"uv":[0.5,2.5,1.5,3.5],"texture":"#3"},"west":{"uv":[0,0,0.75,0.75],"texture":"#3"},"up":{"uv":[1,2.5,1.5,3],"texture":"#3"},"down":{"uv":[11.5,0,14,2.5],"texture":"#3"}}},{"from":[8.79564,8.17747,6.34122],"to":[12.19839,11.58022,9.74397],"rotation":{"angle":22.5,"axis":"z","origin":[34.31627,33.6981,31.86185]},"faces":{"north":{"uv":[0,0,0.5,0.5],"texture":"#3"},"east":{"uv":[0,0,0.5,0.5],"texture":"#3"},"south":{"uv":[0,0,0.5,0.5],"texture":"#3"},"west":{"uv":[0,0,0.5,0.5],"texture":"#3"},"up":{"uv":[0,0,0.5,0.5],"texture":"#3"},"down":{"uv":[0,0,0.5,0.5],"texture":"#3"}}},{"from":[-10.77017,12.26077,12.29604],"to":[-3.11398,15.66352,15.69879],"rotation":{"angle":22.5,"axis":"z","origin":[7.94495,39.48277,32.71254]},"faces":{"north":{"uv":[0,4.5,2.5,5.5],"texture":"#3"},"east":{"uv":[0,0,0.5,0.5],"texture":"#3"},"south":{"uv":[0,3.5,2.5,4.5],"texture":"#3"},"west":{"uv":[0,3.5,0.5,4.5],"texture":"#3"},"up":{"uv":[2.5,3.5,5,4.5],"texture":"#3"},"down":{"uv":[2.5,4.5,5,5.5],"texture":"#3"}}},{"from":[-10.77017,12.26077,0.38641],"to":[-3.11398,15.66352,3.78916],"rotation":{"angle":22.5,"axis":"z","origin":[7.94495,39.48277,20.80291]},"faces":{"north":{"uv":[0,4.5,2.5,5.5],"texture":"#3"},"east":{"uv":[0,0,0.5,0.5],"texture":"#3"},"south":{"uv":[0,3.5,2.5,4.5],"texture":"#3"},"west":{"uv":[0,3.5,0.5,4.5],"texture":"#3"},"up":{"uv":[2.5,3.5,5,4.5],"texture":"#3"},"down":{"uv":[2.5,4.5,5,5.5],"texture":"#3"}}},{"from":[-6.62262,10.38263,0.95247],"to":[-5.41362,13.28423,2.16147],"rotation":{"angle":22.5,"axis":"z","origin":[7.35638,27.21023,17.46047]},"faces":{"north":{"uv":[1,15,3,16],"rotation":90,"texture":"#4"},"east":{"uv":[1,15,3,16],"rotation":90,"texture":"#4"},"south":{"uv":[1,15,3,16],"rotation":90,"texture":"#4"},"west":{"uv":[1,15,3,16],"rotation":90,"texture":"#4"},"up":{"uv":[0,15,3,16],"texture":"#4"},"down":{"uv":[0,15,3,16],"texture":"#4"}}},{"from":[-7.54794,13.10017,0.95247],"to":[-6.33894,25.19017,2.16147],"rotation":{"angle":22.5,"axis":"z","origin":[6.43106,29.44417,17.46047]},"faces":{"north":{"uv":[0,0,6,1],"rotation":90,"texture":"#4"},"east":{"uv":[0,0,6,1],"rotation":90,"texture":"#4"},"south":{"uv":[0,0,6,1],"rotation":90,"texture":"#4"},"west":{"uv":[0,0,6,1],"rotation":90,"texture":"#4"},"up":{"uv":[0,0,1,1],"texture":"#4"},"down":{"uv":[0,0,1,1],"texture":"#4"}}},{"from":[7.2644,0.77649,12.29604],"to":[14.0699,7.58199,15.69879],"rotation":{"angle":0,"axis":"y","origin":[31.08365,27.99849,42.0701]},"faces":{"north":{"uv":[0,0,2.5,2.5],"texture":"#3"},"east":{"uv":[0,0,1.5,2.5],"texture":"#3"},"south":{"uv":[0,0,2.5,2.5],"texture":"#3"},"west":{"uv":[1,0,2.5,2.5],"texture":"#3"},"up":{"uv":[0,0,1,0.5],"texture":"#3"},"down":{"uv":[0,1,2.5,2.5],"rotation":180,"texture":"#3"}}},{"from":[-6.85701,4.51952,12.29604],"to":[-0.9022,6.64624,15.69879],"rotation":{"angle":22.5,"axis":"z","origin":[16.96224,31.74152,42.0701]},"faces":{"north":{"uv":[0,8.5,2.5,9.5],"texture":"#3"},"east":{"uv":[0,9.5,1.5,10.5],"texture":"#3"},"south":{"uv":[1.5,7.5,4,8.5],"texture":"#3"},"west":{"uv":[0,7.5,1.5,8.5],"texture":"#3"},"up":{"uv":[0,13,2.5,14.5],"texture":"#3"},"down":{"uv":[0,14.5,2.5,16],"texture":"#3"}}},{"from":[7.2644,0.77649,0.38641],"to":[14.0699,7.58199,3.78916],"rotation":{"angle":0,"axis":"y","origin":[31.08365,27.99849,30.16047]},"faces":{"north":{"uv":[0,0,2.5,2.5],"texture":"#3"},"east":{"uv":[1,0,2.5,2.5],"texture":"#3"},"south":{"uv":[0,0,2.5,2.5],"texture":"#3"},"west":{"uv":[0,0,1.5,2.5],"texture":"#3"},"up":{"uv":[0,0,1,0.5],"texture":"#3"},"down":{"uv":[0,1,2.5,2.5],"texture":"#3"}}},{"from":[-6.85701,4.51952,0.38641],"to":[-0.9022,6.64624,3.78916],"rotation":{"angle":22.5,"axis":"z","origin":[16.96224,31.74152,30.16047]},"faces":{"north":{"uv":[0,8.5,2.5,9.5],"texture":"#3"},"east":{"uv":[0,9.5,1.5,10.5],"texture":"#3"},"south":{"uv":[1.5,7.5,4,8.5],"texture":"#3"},"west":{"uv":[0,7.5,1.5,8.5],"texture":"#3"},"up":{"uv":[0,13,2.5,14.5],"texture":"#3"},"down":{"uv":[0,14.5,2.5,16],"texture":"#3"}}},{"from":[17.30252,21.61834,10.59466],"to":[30.06283,29.27452,10.59466],"rotation":{"angle":22.5,"axis":"z","origin":[43.67383,2.05252,28.4591]},"faces":{"north":{"uv":[0.5,0.5,3,4.5],"rotation":270,"texture":"#1"},"east":{"uv":[0,0,1.125,0],"rotation":90,"texture":"#1"},"south":{"uv":[0.5,5,3,9],"rotation":270,"texture":"#1"},"west":{"uv":[0,0,1.125,0],"rotation":90,"texture":"#1"},"up":{"uv":[0,0,0,1.875],"rotation":90,"texture":"#1"},"down":{"uv":[0,0,0,1.875],"rotation":90,"texture":"#1"}}},{"from":[17.30252,21.61834,5.49054],"to":[30.06283,29.27452,5.49054],"rotation":{"angle":22.5,"axis":"z","origin":[43.67383,2.05252,23.35497]},"faces":{"north":{"uv":[0.5,0.5,3,4.5],"rotation":270,"texture":"#1"},"east":{"uv":[0,0,1.125,0],"rotation":90,"texture":"#1"},"south":{"uv":[0.5,5,3,9],"rotation":270,"texture":"#1"},"west":{"uv":[0,0,1.125,0],"rotation":90,"texture":"#1"},"up":{"uv":[0,0,0,1.875],"rotation":90,"texture":"#1"},"down":{"uv":[0,0,0,1.875],"rotation":90,"texture":"#1"}}}],"display":{"thirdperson_righthand":{"rotation":[90,-90,0],"translation":[-6,-17,13.5],"scale":[2.2,2.2,2.2]},"firstperson_righthand":{"translation":[3.5,5,0]},"firstperson_lefthand":{"rotation":[0,-180,0],"translation":[3.25,6,0.75]},"ground":{"translation":[0,5,0]},"gui":{"rotation":[18,144,0],"translation":[-1.5,6,0],"scale":[1.3,1.3,1.3]},"fixed":{"translation":[2,8.25,0],"scale":[2,2,2]}},"groups":[0,1,{"name":"Horns","origin":[9.5,14.575,0.25],"children":[2,3]},{"name":"Tail","origin":[14.2,10.1,15],"children":[4,5,6]},{"name":"Paws","origin":[12.5,7.925,14.5],"children":[7,8,9,10,11,12,13,14]},{"name":"Wings","origin":[16.95,0.8,12.5],"children":[15,16]}]}