{
	"credit": "Made with Blockbench",
	"texture_size": [32, 32],
	"textures": {
		"0": "blocks/egyptian/horns",
		"1": "blocks/egyptian/wings",
		"2": "blocks/egyptian/dragon",
		"3": "blocks/egyptian/pawsandtail",
		"4": "blocks/egyptian/paw2",
		"particle": "blocks/egyptian/horns"
	},
	"elements": [
		{
			"name": "Head",
			"from": [-0.53208, 8.0567, 2.89681],
			"to": [9.6743, 18.26308, 13.10319],
			"rotation": {"angle": 0, "axis": "y", "origin": [26.68493, 35.27371, 30.11382]},
			"faces": {
				"north": {"uv": [3.5, 0, 7, 3.5], "texture": "#2"},
				"east": {"uv": [12, 0, 15.5, 3.5], "texture": "#2"},
				"south": {"uv": [7, 0, 10.5, 3.5], "texture": "#2"},
				"west": {"uv": [0, 0, 3.5, 3.5], "texture": "#2"},
				"up": {"uv": [0, 3.5, 3.5, 7], "texture": "#2"},
				"down": {"uv": [0, 3.5, 3.5, 7], "texture": "#2"}
			}
		},
		{
			"name": "Body",
			"from": [12.05579, 6.52575, 3.74734],
			"to": [19.71057, 20.98478, 12.25266],
			"rotation": {"angle": 22.5, "axis": "z", "origin": [38.42226, -6.23223, 30.11382]},
			"faces": {
				"north": {"uv": [0, 11.5, 5, 14.5], "rotation": 270, "texture": "#2"},
				"east": {"uv": [5, 11.5, 10, 14.5], "rotation": 90, "texture": "#2"},
				"south": {"uv": [5, 8.5, 10, 11.5], "rotation": 90, "texture": "#2"},
				"west": {"uv": [0, 8.5, 5, 11.5], "rotation": 90, "texture": "#2"},
				"up": {"uv": [0, 8.5, 1.5, 11.5], "rotation": 90, "texture": "#2"},
				"down": {"uv": [3.5, 8.5, 6, 11.5], "texture": "#2"}
			}
		},
		{
			"from": [-7.33633, 16.81718, 8.51032],
			"to": [-7.33633, 27.02355, 17.35585],
			"rotation": {"angle": -22.5, "axis": "y", "origin": [19.88068, 44.03418, 34.36648]},
			"faces": {
				"north": {"uv": [0, 0, 0, 1.5], "texture": "#0"},
				"east": {"uv": [4.5, 6, 7.5, 9.505], "texture": "#0"},
				"south": {"uv": [0, 0, 0, 1.5], "texture": "#0"},
				"west": {"uv": [0.5, 6, 3.5, 9.505], "texture": "#0"},
				"up": {"uv": [0, 0, 0, 1.5], "texture": "#0"},
				"down": {"uv": [0, 0, 0, 1.5], "texture": "#0"}
			}
		},
		{
			"from": [-7.33633, 16.81718, -1.35585],
			"to": [-7.33633, 27.02355, 7.48968],
			"rotation": {"angle": 22.5, "axis": "y", "origin": [19.88068, 44.03418, -18.36648]},
			"faces": {
				"north": {"uv": [0, 0, 0, 1.5], "texture": "#0"},
				"east": {"uv": [0.5, 6, 3.5, 9.505], "texture": "#0"},
				"south": {"uv": [0, 0, 0, 1.5], "texture": "#0"},
				"west": {"uv": [3.5, 6, 0.5, 9.5005], "texture": "#0"},
				"up": {"uv": [0, 1.5, 0, 0], "texture": "#0"},
				"down": {"uv": [0, 1.5, 0, 0], "texture": "#0"}
			}
		},
		{
			"from": [19.88068, -15.75818, 4.59787],
			"to": [25.8344, -8.95393, 11.40213],
			"rotation": {"angle": -22.5, "axis": "z", "origin": [47.09768, 11.45883, 31.81488]},
			"faces": {
				"north": {"uv": [0.5, 0, 2.5, 2.5], "texture": "#3"},
				"east": {"uv": [9.5, 0, 11.5, 2.5], "rotation": 90, "texture": "#3"},
				"south": {"uv": [0, 0, 2, 2.5], "texture": "#3"},
				"west": {"uv": [0, 0, 1, 1], "texture": "#3"},
				"up": {"uv": [13, 4, 15, 6.5], "texture": "#3"},
				"down": {"uv": [14, 0, 16, 2.5], "texture": "#3"}
			}
		},
		{
			"from": [17.15898, -5.21159, 5.44841],
			"to": [22.26216, -0.1084, 10.55159],
			"rotation": {"angle": 0, "axis": "y", "origin": [42.67492, 21.15489, 31.81488]},
			"faces": {
				"north": {"uv": [1, 0, 2, 1], "texture": "#3"},
				"east": {"uv": [0, 0, 1, 0.5], "texture": "#3"},
				"south": {"uv": [0.5, 0, 1.5, 1], "texture": "#3"},
				"west": {"uv": [0, 0, 0.75, 0.75], "texture": "#3"},
				"up": {"uv": [0, 0, 2, 1], "texture": "#3"},
				"down": {"uv": [11.5, 0, 14, 2.5], "texture": "#3"}
			}
		},
		{
			"from": [10.35472, 3.29373, 6.29894],
			"to": [13.75685, 6.69585, 9.70106],
			"rotation": {"angle": 22.5, "axis": "z", "origin": [35.87067, 28.80967, 31.81488]},
			"faces": {
				"north": {"uv": [0, 0, 0.5, 0.5], "texture": "#3"},
				"east": {"uv": [0, 0, 0.5, 0.5], "texture": "#3"},
				"south": {"uv": [0, 0, 0.5, 0.5], "texture": "#3"},
				"west": {"uv": [0, 0, 0.5, 0.5], "texture": "#3"},
				"up": {"uv": [0, 0, 0.5, 0.5], "texture": "#3"},
				"down": {"uv": [0, 0, 0.5, 0.5], "texture": "#3"}
			}
		},
		{
			"from": [-9.14625, 7.37628, 12.25266],
			"to": [-1.55272, 10.7784, 15.65478],
			"rotation": {"angle": 22.5, "axis": "z", "origin": [9.50419, 34.59328, 32.66541]},
			"faces": {
				"north": {"uv": [0, 4.5, 2.5, 5.5], "texture": "#4"},
				"east": {"uv": [0, 0, 0.5, 0.5], "texture": "#4"},
				"south": {"uv": [0, 3.5, 2.5, 4.5], "texture": "#4"},
				"west": {"uv": [0, 3.5, 0.5, 4.5], "texture": "#4"},
				"up": {"uv": [2.5, 3.5, 5, 4.5], "texture": "#4"},
				"down": {"uv": [2.5, 4.5, 5, 5.5], "texture": "#4"}
			}
		},
		{
			"from": [2.74776, -5.34018, 15.6487],
			"to": [7.00042, 4.8662, 15.6487],
			"rotation": {"angle": 0, "axis": "y", "origin": [14.75733, 33.68108, 32.76146]},
			"faces": {
				"north": {"uv": [0, 6.5, 1.5, 10], "texture": "#4"},
				"east": {"uv": [0, 0, 0.5, 0.5], "texture": "#4"},
				"south": {"uv": [0, 6.5, 1.5, 10], "texture": "#4"},
				"west": {"uv": [0, 3.5, 0.5, 4.5], "texture": "#4"},
				"up": {"uv": [2.5, 3.5, 5, 4.5], "texture": "#4"},
				"down": {"uv": [2.5, 4.5, 5, 5.5], "texture": "#4"}
			}
		},
		{
			"from": [-9.14625, 7.37628, 0.34522],
			"to": [-1.55272, 10.7784, 3.74734],
			"rotation": {"angle": 22.5, "axis": "z", "origin": [9.50419, 34.59328, 20.75797]},
			"faces": {
				"north": {"uv": [0, 4.5, 2.5, 5.5], "texture": "#3"},
				"east": {"uv": [0, 0, 0.5, 0.5], "texture": "#3"},
				"south": {"uv": [0, 3.5, 2.5, 4.5], "texture": "#3"},
				"west": {"uv": [0, 3.5, 0.5, 4.5], "texture": "#3"},
				"up": {"uv": [2.5, 3.5, 5, 4.5], "texture": "#3"},
				"down": {"uv": [2.5, 4.5, 5, 5.5], "texture": "#3"}
			}
		},
		{
			"from": [8.82377, -4.1059, 12.25266],
			"to": [15.62802, 2.69835, 15.65478],
			"rotation": {"angle": 0, "axis": "y", "origin": [32.63865, 23.11111, 42.02126]},
			"faces": {
				"north": {"uv": [0, 0, 2.5, 2.5], "texture": "#3"},
				"east": {"uv": [0, 0, 1.5, 2.5], "texture": "#3"},
				"south": {"uv": [0, 0, 2.5, 2.5], "texture": "#3"},
				"west": {"uv": [1, 0, 2.5, 2.5], "texture": "#3"},
				"up": {"uv": [0, 0, 1, 0.5], "texture": "#3"},
				"down": {"uv": [0, 1, 2.5, 2.5], "rotation": 180, "texture": "#3"}
			}
		},
		{
			"from": [-5.29506, -0.36356, 12.25266],
			"to": [0.65866, 1.76277, 15.65478],
			"rotation": {"angle": 22.5, "axis": "z", "origin": [18.51983, 26.85345, 42.02126]},
			"faces": {
				"north": {"uv": [0, 8.5, 2.5, 9.5], "texture": "#3"},
				"east": {"uv": [0, 9.5, 1.5, 10.5], "texture": "#3"},
				"south": {"uv": [1.5, 7.5, 4, 8.5], "texture": "#3"},
				"west": {"uv": [0, 7.5, 1.5, 8.5], "texture": "#3"},
				"up": {"uv": [0, 13, 2.5, 14.5], "texture": "#3"},
				"down": {"uv": [0, 14.5, 2.5, 16], "texture": "#3"}
			}
		},
		{
			"from": [8.82377, -4.1059, 0.34522],
			"to": [15.62802, 2.69835, 3.74734],
			"rotation": {"angle": 0, "axis": "y", "origin": [32.63865, 23.11111, 30.11382]},
			"faces": {
				"north": {"uv": [0, 0, 2.5, 2.5], "texture": "#3"},
				"east": {"uv": [1, 0, 2.5, 2.5], "texture": "#3"},
				"south": {"uv": [0, 0, 2.5, 2.5], "texture": "#3"},
				"west": {"uv": [0, 0, 1.5, 2.5], "texture": "#3"},
				"up": {"uv": [0, 0, 1, 0.5], "texture": "#3"},
				"down": {"uv": [0, 1, 2.5, 2.5], "texture": "#3"}
			}
		},
		{
			"from": [-5.29506, -0.36356, 0.34522],
			"to": [0.65866, 1.76277, 3.74734],
			"rotation": {"angle": 22.5, "axis": "z", "origin": [18.51983, 26.85345, 30.11382]},
			"faces": {
				"north": {"uv": [0, 8.5, 2.5, 9.5], "texture": "#3"},
				"east": {"uv": [0, 9.5, 1.5, 10.5], "texture": "#3"},
				"south": {"uv": [1.5, 7.5, 4, 8.5], "texture": "#3"},
				"west": {"uv": [0, 7.5, 1.5, 8.5], "texture": "#3"},
				"up": {"uv": [0, 13, 2.5, 14.5], "texture": "#3"},
				"down": {"uv": [0, 14.5, 2.5, 16], "texture": "#3"}
			}
		},
		{
			"from": [18.86004, 16.73212, 10.55159],
			"to": [31.61801, 24.38691, 10.55159],
			"rotation": {"angle": 22.5, "axis": "z", "origin": [45.22652, -2.8301, 28.41276]},
			"faces": {
				"north": {"uv": [0.5, 0.5, 3, 4.5], "rotation": 270, "texture": "#1"},
				"east": {"uv": [0, 0, 1.125, 0], "rotation": 90, "texture": "#1"},
				"south": {"uv": [0.5, 5, 3, 9], "rotation": 270, "texture": "#1"},
				"west": {"uv": [0, 0, 1.125, 0], "rotation": 90, "texture": "#1"},
				"up": {"uv": [0, 0, 0, 1.875], "rotation": 90, "texture": "#1"},
				"down": {"uv": [0, 0, 0, 1.875], "rotation": 90, "texture": "#1"}
			}
		},
		{
			"from": [18.86004, 16.73212, 5.44841],
			"to": [31.61801, 24.38691, 5.44841],
			"rotation": {"angle": 22.5, "axis": "z", "origin": [45.22652, -2.8301, 23.30957]},
			"faces": {
				"north": {"uv": [0.5, 0.5, 3, 4.5], "rotation": 270, "texture": "#1"},
				"east": {"uv": [0, 0, 1.125, 0], "rotation": 90, "texture": "#1"},
				"south": {"uv": [0.5, 5, 3, 9], "rotation": 270, "texture": "#1"},
				"west": {"uv": [0, 0, 1.125, 0], "rotation": 90, "texture": "#1"},
				"up": {"uv": [0, 0, 0, 1.875], "rotation": 90, "texture": "#1"},
				"down": {"uv": [0, 0, 0, 1.875], "rotation": 90, "texture": "#1"}
			}
		}
	],
	"display": {
		"thirdperson_righthand": {
			"rotation": [90, -90, 0],
			"translation": [-6, -17, 13.5],
			"scale": [2.2, 2.2, 2.2]
		},
		"firstperson_righthand": {
			"translation": [3.5, 5, 0]
		},
		"firstperson_lefthand": {
			"rotation": [0, -180, 0],
			"translation": [3.25, 6, 0.75]
		},
		"ground": {
			"translation": [0, 5, 0]
		},
		"gui": {
			"rotation": [18, 144, 0],
			"translation": [-1.5, 6, 0],
			"scale": [1.3, 1.3, 1.3]
		},
		"fixed": {
			"translation": [2, 8.25, 0],
			"scale": [2, 2, 2]
		}
	},
	"groups": [0, 1,
		{
			"name": "Horns",
			"origin": [9.5, 14.575, 0.25],
			"children": [2, 3]
		},
		{
			"name": "Tail",
			"origin": [14.2, 10.1, 15],
			"children": [4, 5, 6]
		},
		{
			"name": "Paws",
			"origin": [12.5, 7.925, 14.5],
			"children": [7, 8, 9, 10, 11, 12, 13]
		},
		{
			"name": "Wings",
			"origin": [16.95, 0.8, 12.5],
			"children": [14, 15]
		}
	]
}
