{"credit":"MadewithBlockbench","texture_size":[32,32],"textures":{"3":"blocks/ore/stone_1","4":"blocks/ore/stone_2","5":"blocks/ore/stone_3","6":"blocks/ore/stone_4","7":"blocks/ore/stone_5","8":"blocks/ore/stone_6","9":"blocks/ore/ore","particle":"blocks/ore/ore"},"elements":[{"name":"stone","from":[-0.28,0,-0.28],"to":[16.28,16.56,16.28],"rotation":{"angle":0,"axis":"y","origin":[-6.72,0,-6.72]},"faces":{"north":{"uv":[0,0,16,16],"texture":"#4"},"east":{"uv":[0,0,16,16],"rotation":270,"texture":"#5"},"south":{"uv":[0,0,16,16],"texture":"#7"},"west":{"uv":[0,0,16,16],"texture":"#3"},"up":{"uv":[0,0,16,16],"rotation":90,"texture":"#8"},"down":{"uv":[0,0,16,16],"texture":"#6"}}},{"from":[16.234,7.728,8.92],"to":[18.994,13.248,14.44],"rotation":{"angle":0,"axis":"y","origin":[-0.326,-6.992,25.48]},"faces":{"north":{"uv":[12.5,13,15,13.5],"rotation":90,"texture":"#9"},"east":{"uv":[9,13.5,11.5,16],"rotation":270,"texture":"#9"},"south":{"uv":[9,13.5,11.5,14],"rotation":270,"texture":"#9"},"west":{"uv":[9,13.5,11.5,16],"rotation":270,"texture":"#9"},"up":{"uv":[11.5,14,9,13.5],"rotation":270,"texture":"#9"},"down":{"uv":[15,13.5,12.5,13],"rotation":270,"texture":"#9"}}},{"from":[-12.424,16.008,16.28],"to":[-6.904,21.528,19.04],"rotation":{"angle":45,"axis":"z","origin":[7.816,32.568,-0.28]},"faces":{"north":{"uv":[1.5,0,3,1.5],"rotation":180,"texture":"#9"},"east":{"uv":[9,13.5,11.5,14],"rotation":90,"texture":"#9"},"south":{"uv":[9,13.5,11.5,16],"rotation":90,"texture":"#9"},"west":{"uv":[12.5,13,15,13.5],"rotation":270,"texture":"#9"},"up":{"uv":[12.5,13,15,13.5],"rotation":180,"texture":"#9"},"down":{"uv":[9,13.5,11.5,14],"texture":"#9"}}},{"from":[22.904,16.008,-3.04],"to":[28.424,21.528,-0.28],"rotation":{"angle":-45,"axis":"z","origin":[8.184,32.568,16.28]},"faces":{"north":{"uv":[9,13.5,11.5,16],"rotation":90,"texture":"#9"},"east":{"uv":[12.5,13,15,13.5],"rotation":270,"texture":"#9"},"south":{"uv":[9,13.5,11.5,16],"rotation":180,"texture":"#9"},"west":{"uv":[9,13.5,11.5,14],"rotation":90,"texture":"#9"},"up":{"uv":[15,13.5,12.5,13],"rotation":180,"texture":"#9"},"down":{"uv":[11.5,14,9,13.5],"texture":"#9"}}},{"from":[-3.04,8.464,11.128],"to":[-0.28,13.984,16.648],"rotation":{"angle":22.5,"axis":"x","origin":[16.28,25.024,-3.592]},"faces":{"north":{"uv":[12.5,13,15,13.5],"rotation":90,"texture":"#9"},"east":{"uv":[9,13.5,11.5,16],"rotation":180,"texture":"#9"},"south":{"uv":[9,13.5,11.5,14],"rotation":270,"texture":"#9"},"west":{"uv":[9,13.5,11.5,16],"texture":"#9"},"up":{"uv":[9,13.5,11.5,14],"rotation":90,"texture":"#9"},"down":{"uv":[12.5,13,15,13.5],"rotation":90,"texture":"#9"}}},{"from":[-2.488,16.56,6.344],"to":[1.192,18.032,10.024],"rotation":{"angle":22.5,"axis":"y","origin":[-7.64,0,-10.4]},"faces":{"north":{"uv":[12.5,13,14.5,13.5],"rotation":180,"texture":"#9"},"east":{"uv":[13.5,13,14.5,13.4],"texture":"#9"},"south":{"uv":[9.5,13.5,10.5,13.9],"texture":"#9"},"west":{"uv":[9,13.5,11,14],"texture":"#9"},"up":{"uv":[12,14,14,16],"rotation":180,"texture":"#9"},"down":{"uv":[12,14,14,16],"texture":"#9"}}},{"from":[-2.488,-1.472,6.344],"to":[1.192,0,10.024],"rotation":{"angle":22.5,"axis":"y","origin":[-7.64,16.56,-10.4]},"faces":{"north":{"uv":[12.5,13.4,13.5,13],"texture":"#9"},"east":{"uv":[13.5,13.9,14.5,13.5],"texture":"#9"},"south":{"uv":[9.5,13.9,10.5,13.5],"texture":"#9"},"west":{"uv":[9.5,13.9,10.5,13.5],"texture":"#9"},"up":{"uv":[12,16,14,14],"texture":"#9"},"down":{"uv":[12,16,14,14],"rotation":180,"texture":"#9"}}},{"from":[16.234,-1.84,5.056],"to":[17.706,1.84,8.736],"rotation":{"angle":22.5,"axis":"x","origin":[-0.326,-6.992,25.48]},"faces":{"north":{"uv":[1.5,13,3.5,13.5],"rotation":270,"texture":"#9"},"east":{"uv":[2,14,4,16],"texture":"#9"},"south":{"uv":[2,14,4,14.5],"rotation":90,"texture":"#9"},"west":{"uv":[0,0,1,1],"rotation":270,"texture":"#9"},"up":{"uv":[3.5,13.5,1.5,13],"rotation":270,"texture":"#9"},"down":{"uv":[3.5,13.5,1.5,13],"rotation":90,"texture":"#9"}}},{"from":[-1.016,12.144,16.28],"to":[2.664,15.824,17.752],"rotation":{"angle":22.5,"axis":"z","origin":[7.816,32.568,-0.28]},"faces":{"north":{"uv":[1,0,2,1],"rotation":180,"texture":"#9"},"east":{"uv":[12,14,14,14.5],"rotation":270,"texture":"#9"},"south":{"uv":[12,14,14,16],"texture":"#9"},"west":{"uv":[12.5,13,13.5,13.4],"rotation":270,"texture":"#9"},"up":{"uv":[12,14,14,14.5],"texture":"#9"},"down":{"uv":[12.5,13,14.5,13.5],"rotation":180,"texture":"#9"}}},{"from":[-1.752,4.6,1.56],"to":[-0.28,8.28,5.24],"rotation":{"angle":0,"axis":"x","origin":[16.28,25.024,-3.592]},"faces":{"north":{"uv":[1.5,13,3.5,13.5],"rotation":270,"texture":"#9"},"east":{"uv":[2,0,3,1],"rotation":180,"texture":"#9"},"south":{"uv":[2.5,13,3.5,13.4],"rotation":270,"texture":"#9"},"west":{"uv":[2,14,4,16],"rotation":90,"texture":"#9"},"up":{"uv":[9.5,13.5,10.5,13.9],"rotation":270,"texture":"#9"},"down":{"uv":[1.5,13,3.5,13.5],"rotation":270,"texture":"#9"}}},{"from":[13.336,12.144,-1.752],"to":[17.016,15.824,-0.28],"rotation":{"angle":-22.5,"axis":"z","origin":[8.184,32.568,16.28]},"faces":{"north":{"uv":[2,14,4,16],"rotation":180,"texture":"#9"},"east":{"uv":[0,13.5,1,13.9],"rotation":270,"texture":"#9"},"south":{"uv":[1,0,2,1],"rotation":180,"texture":"#9"},"west":{"uv":[9,13.5,11,14],"rotation":90,"texture":"#9"},"up":{"uv":[14.5,13.5,12.5,13],"rotation":180,"texture":"#9"},"down":{"uv":[10.5,14,9,13.5],"texture":"#9"}}},{"from":[16.28,16.56,-4.696],"to":[19.96,17.664,-1.016],"rotation":{"angle":-45,"axis":"y","origin":[-6.72,0,-8.192]},"faces":{"north":{"uv":[13,13,14,13.3],"texture":"#9"},"east":{"uv":[13.5,13,14.5,13.3],"texture":"#9"},"south":{"uv":[10,13.5,11,13.8],"texture":"#9"},"west":{"uv":[9.5,13.5,10.5,13.8],"texture":"#9"},"up":{"uv":[12,14,14,16],"rotation":180,"texture":"#9"},"down":{"uv":[12,14,14,16],"texture":"#9"}}},{"from":[16.28,-1.104,-4.696],"to":[19.96,0,-1.016],"rotation":{"angle":-45,"axis":"y","origin":[-6.72,16.56,-8.192]},"faces":{"north":{"uv":[12.5,13.5,14.5,13],"rotation":180,"texture":"#9"},"east":{"uv":[12.5,13.5,14.5,13],"texture":"#9"},"south":{"uv":[9,14,11,13.5],"rotation":180,"texture":"#9"},"west":{"uv":[9,14,11,13.5],"texture":"#9"},"up":{"uv":[12,16,14,14],"texture":"#9"},"down":{"uv":[12,16,14,14],"rotation":180,"texture":"#9"}}},{"from":[16.234,17.296,18.488],"to":[17.338,20.976,22.168],"rotation":{"angle":-45,"axis":"x","origin":[-0.326,-6.992,24.192]},"faces":{"north":{"uv":[1.5,13,3.5,13.5],"rotation":90,"texture":"#9"},"east":{"uv":[12,14,14,16],"rotation":180,"texture":"#9"},"south":{"uv":[12,14,14,14.5],"rotation":90,"texture":"#9"},"west":{"uv":[0,0,1,1],"rotation":270,"texture":"#9"},"up":{"uv":[3.5,13.5,1.5,13],"rotation":270,"texture":"#9"},"down":{"uv":[11,14,9,13.5],"rotation":90,"texture":"#9"}}},{"from":[-1.568,16.928,16.28],"to":[2.112,20.608,17.384],"rotation":{"angle":45,"axis":"z","origin":[22.72,24.472,-0.28]},"faces":{"north":{"uv":[1,0,2,1],"rotation":180,"texture":"#9"},"east":{"uv":[2,14,4,14.5],"rotation":90,"texture":"#9"},"south":{"uv":[2,14,4,16],"rotation":90,"texture":"#9"},"west":{"uv":[1.5,13,3.5,13.5],"rotation":270,"texture":"#9"},"up":{"uv":[2,14,4,14.5],"rotation":180,"texture":"#9"},"down":{"uv":[12.5,13,14.5,13.5],"rotation":180,"texture":"#9"}}},{"from":[13.888,16.928,-1.384],"to":[17.568,20.608,-0.28],"rotation":{"angle":-45,"axis":"z","origin":[-6.72,24.472,16.28]},"faces":{"north":{"uv":[12,14,14,16],"rotation":90,"texture":"#9"},"east":{"uv":[12.5,13,14.5,13.5],"rotation":270,"texture":"#9"},"south":{"uv":[12,14,14,16],"rotation":180,"texture":"#9"},"west":{"uv":[9,13.5,11,14],"rotation":90,"texture":"#9"},"up":{"uv":[14.5,13.5,12.5,13],"rotation":180,"texture":"#9"},"down":{"uv":[11,14,9,13.5],"texture":"#9"}}},{"from":[12.048,16.56,-3.592],"to":[13.888,17.204,-1.752],"rotation":{"angle":-45,"axis":"y","origin":[-6.72,0,-8.192]},"faces":{"north":{"uv":[2,13,3.5,13.5],"texture":"#9"},"east":{"uv":[2,13,3.5,13.5],"rotation":180,"texture":"#9"},"south":{"uv":[0,14.5,1.5,15],"texture":"#9"},"west":{"uv":[14.5,14.5,16,15],"texture":"#9"},"up":{"uv":[0,14.5,1.5,16],"rotation":270,"texture":"#9"},"down":{"uv":[0,14.5,1.5,16],"texture":"#9"}}},{"from":[12.048,-0.644,-3.592],"to":[13.888,0,-1.752],"rotation":{"angle":-45,"axis":"y","origin":[-6.72,16.56,-8.192]},"faces":{"north":{"uv":[2,13.5,3.5,13],"texture":"#9"},"east":{"uv":[2,13,3.5,13.5],"rotation":180,"texture":"#9"},"south":{"uv":[9,13.5,10.5,14],"rotation":180,"texture":"#9"},"west":{"uv":[9,14,10.5,13.5],"texture":"#9"},"up":{"uv":[0,16,1.5,14.5],"texture":"#9"},"down":{"uv":[1.5,14.5,0,16],"rotation":270,"texture":"#9"}}},{"from":[16.234,11.776,17.752],"to":[16.878,13.616,19.592],"rotation":{"angle":-45,"axis":"x","origin":[-0.326,-6.992,24.192]},"faces":{"north":{"uv":[2,13,3.5,13.5],"rotation":90,"texture":"#9"},"east":{"uv":[0,14.5,1.5,16],"rotation":270,"texture":"#9"},"south":{"uv":[2.5,14,4,14.5],"rotation":270,"texture":"#9"},"west":{"uv":[0,0,0.5,0.5],"rotation":270,"texture":"#9"},"up":{"uv":[3.5,13,2,13.5],"rotation":270,"texture":"#9"},"down":{"uv":[4,14,2.5,14.5],"rotation":270,"texture":"#9"}}},{"from":[-1.384,24.84,10.944],"to":[-0.28,28.52,14.624],"rotation":{"angle":45,"axis":"x","origin":[16.28,24.472,-5.984]},"faces":{"north":{"uv":[12.5,13,14.5,13.5],"rotation":90,"texture":"#9"},"east":{"uv":[2,0,3,1],"rotation":180,"texture":"#9"},"south":{"uv":[9,13.5,11,14],"rotation":270,"texture":"#9"},"west":{"uv":[12,14,14,16],"texture":"#9"},"up":{"uv":[9,13.5,11,14],"rotation":90,"texture":"#9"},"down":{"uv":[12.5,13,14.5,13.5],"rotation":90,"texture":"#9"}}},{"from":[1.56,16.192,16.28],"to":[3.4,18.032,16.924],"rotation":{"angle":45,"axis":"z","origin":[22.72,24.472,-0.28]},"faces":{"north":{"uv":[0.5,0,1,0.5],"rotation":180,"texture":"#9"},"east":{"uv":[0,14.5,1.5,15],"rotation":90,"texture":"#9"},"south":{"uv":[0,14.5,1.5,16],"rotation":90,"texture":"#9"},"west":{"uv":[0,15.5,1.5,16],"rotation":90,"texture":"#9"},"up":{"uv":[0,14.5,1.5,15],"rotation":180,"texture":"#9"},"down":{"uv":[0,15.5,1.5,16],"rotation":180,"texture":"#9"}}},{"from":[12.6,16.192,-0.924],"to":[14.44,18.032,-0.28],"rotation":{"angle":-45,"axis":"z","origin":[-6.72,24.472,16.28]},"faces":{"north":{"uv":[0,14.5,1.5,16],"rotation":180,"texture":"#9"},"east":{"uv":[2,13,3.5,13.5],"rotation":90,"texture":"#9"},"south":{"uv":[1,13,1.5,13.5],"rotation":180,"texture":"#9"},"west":{"uv":[2.5,14,4,14.5],"rotation":270,"texture":"#9"},"up":{"uv":[3.5,13.5,2,13],"texture":"#9"},"down":{"uv":[3.5,13.5,3,13.325],"texture":"#9"}}},{"from":[-5.616,20.792,16.28],"to":[-3.776,22.632,16.924],"rotation":{"angle":45,"axis":"z","origin":[22.72,24.472,-0.28]},"faces":{"north":{"uv":[0.5,0,1,0.5],"rotation":180,"texture":"#9"},"east":{"uv":[10,13.5,10.5,13.675],"rotation":90,"texture":"#9"},"south":{"uv":[14.5,14.5,16,16],"texture":"#9"},"west":{"uv":[14.5,15.5,16,16],"rotation":270,"texture":"#9"},"up":{"uv":[10,13.5,10.5,13.675],"rotation":180,"texture":"#9"},"down":{"uv":[14.5,15.5,16,16],"texture":"#9"}}},{"from":[7.08,16.56,0.64],"to":[12.6,19.32,6.16],"rotation":{"angle":0,"axis":"y","origin":[-7.64,0,-10.4]},"faces":{"north":{"uv":[9,13.5,11.5,14],"texture":"#9"},"east":{"uv":[12.5,13,15,13.5],"rotation":180,"texture":"#9"},"south":{"uv":[12.5,13,15,13.5],"texture":"#9"},"west":{"uv":[9,13.5,11.5,14],"rotation":180,"texture":"#9"},"up":{"uv":[9,13.5,11.5,16],"rotation":270,"texture":"#9"},"down":{"uv":[0,0,1.5,1.5],"texture":"#9"}}},{"from":[7.08,-2.76,0.64],"to":[12.6,0,6.16],"rotation":{"angle":0,"axis":"y","origin":[-7.64,16.56,-10.4]},"faces":{"north":{"uv":[9,13.5,11.5,14],"texture":"#9"},"east":{"uv":[12.5,13,15,13.5],"rotation":180,"texture":"#9"},"south":{"uv":[12.5,13.5,15,13],"texture":"#9"},"west":{"uv":[9,14,11.5,13.5],"rotation":180,"texture":"#9"},"up":{"uv":[0,1.5,1.5,0],"texture":"#9"},"down":{"uv":[11.5,13.5,9,16],"rotation":270,"texture":"#9"}}},{"from":[19.776,20.792,-0.924],"to":[21.616,22.632,-0.28],"rotation":{"angle":-45,"axis":"z","origin":[-6.72,24.472,16.28]},"faces":{"north":{"uv":[0,14.5,1.5,16],"rotation":180,"texture":"#9"},"east":{"uv":[2,13,3.5,13.5],"rotation":90,"texture":"#9"},"south":{"uv":[1,13,1.5,13.5],"rotation":180,"texture":"#9"},"west":{"uv":[2.5,14,4,14.5],"rotation":270,"texture":"#9"},"up":{"uv":[3.5,13.5,2,13],"texture":"#9"},"down":{"uv":[3.5,13.5,3,13.325],"texture":"#9"}}},{"from":[-0.924,24.472,20.512],"to":[-0.28,26.312,22.352],"rotation":{"angle":45,"axis":"x","origin":[16.28,24.472,-5.984]},"faces":{"north":{"uv":[2,13,3.5,13.5],"rotation":270,"texture":"#9"},"east":{"uv":[1,0,1.5,0.5],"rotation":180,"texture":"#9"},"south":{"uv":[2.5,14,4,14.5],"rotation":90,"texture":"#9"},"west":{"uv":[0,14.5,1.5,16],"rotation":90,"texture":"#9"},"up":{"uv":[2.5,14,4,14.5],"rotation":270,"texture":"#9"},"down":{"uv":[2,13,3.5,13.5],"rotation":270,"texture":"#9"}}}],"display":{"ground":{"translation":[0,6.75,0]},"gui":{"translation":[0,3.5,0]}},"groups":[0,{"name":"ore","origin":[12.5,13.3,0.4],"children":[1,2,3,4,5,6,7,8,9,10,11,12,13,14,15,16,17,18,19,20,21,22,23,24,25,26]}]}