{
	"credit": "Made with Blockbench",
	"texture_size": [32, 32],
	"textures": {
		"0": "blocks/reaper/horns",
		"1": "blocks/reaper/wings",
		"2": "blocks/reaper/dragon",
		"3": "blocks/reaper/paws and tail",
		"4": "blocks/reaper/scynth",
		"particle": "blocks/reaper/horns"
	},
	"elements": [
		{
			"name": "Head",
			"from": [-0.52956, 8.05671, 2.89588],
			"to": [9.67869, 18.26496, 13.10413],
			"rotation": {"angle": 0, "axis": "y", "origin": [26.69244, 35.27871, 30.11787]},
			"faces": {
				"north": {"uv": [3.5, 0, 7, 3.5], "texture": "#2"},
				"east": {"uv": [12, 0, 15.5, 3.5], "texture": "#2"},
				"south": {"uv": [7, 0, 10.5, 3.5], "texture": "#2"},
				"west": {"uv": [0, 0, 3.5, 3.5], "texture": "#2"},
				"up": {"uv": [0, 3.5, 3.5, 7], "texture": "#2"},
				"down": {"uv": [0, 3.5, 3.5, 7], "texture": "#2"}
			}
		},
		{
			"name": "Body",
			"from": [12.06062, 6.52547, 3.74656],
			"to": [19.7168, 20.98716, 12.25344],
			"rotation": {"angle": 22.5, "axis": "z", "origin": [38.43193, -6.23484, 30.11787]},
			"faces": {
				"north": {"uv": [0, 11.5, 5, 14.5], "rotation": 270, "texture": "#2"},
				"east": {"uv": [5, 11.5, 10, 14.5], "rotation": 90, "texture": "#2"},
				"south": {"uv": [5, 8.5, 10, 11.5], "rotation": 90, "texture": "#2"},
				"west": {"uv": [0, 8.5, 5, 11.5], "rotation": 90, "texture": "#2"},
				"up": {"uv": [0, 8.5, 1.5, 11.5], "rotation": 90, "texture": "#2"},
				"down": {"uv": [3.5, 8.5, 6, 11.5], "texture": "#2"}
			}
		},
		{
			"from": [-7.33506, 16.81879, 8.51041],
			"to": [-7.33506, 27.02704, 17.35756],
			"rotation": {"angle": -22.5, "axis": "y", "origin": [19.88694, 44.04079, 34.37131]},
			"faces": {
				"north": {"uv": [0, 0, 0, 1.5], "texture": "#0"},
				"east": {"uv": [4.5, 6, 7.5, 9.505], "texture": "#0"},
				"south": {"uv": [0, 0, 0, 1.5], "texture": "#0"},
				"west": {"uv": [0.5, 6, 3.5, 9.505], "texture": "#0"},
				"up": {"uv": [0, 0, 0, 1.5], "texture": "#0"},
				"down": {"uv": [0, 0, 0, 1.5], "texture": "#0"}
			}
		},
		{
			"from": [-7.33506, 16.81879, -1.35756],
			"to": [-7.33506, 27.02704, 7.48959],
			"rotation": {"angle": 22.5, "axis": "y", "origin": [19.88694, 44.04079, -18.37131]},
			"faces": {
				"north": {"uv": [0, 0, 0, 1.5], "texture": "#0"},
				"east": {"uv": [0.5, 6, 3.5, 9.505], "texture": "#0"},
				"south": {"uv": [0, 0, 0, 1.5], "texture": "#0"},
				"west": {"uv": [3.5, 6, 0.5, 9.5005], "texture": "#0"},
				"up": {"uv": [0, 1.5, 0, 0], "texture": "#0"},
				"down": {"uv": [0, 1.5, 0, 0], "texture": "#0"}
			}
		},
		{
			"from": [19.88694, -15.76254, 4.59725],
			"to": [25.84175, -8.95704, 11.40275],
			"rotation": {"angle": -22.5, "axis": "z", "origin": [47.10894, 11.45946, 31.81925]},
			"faces": {
				"north": {"uv": [0.5, 0, 2.5, 2.5], "texture": "#3"},
				"east": {"uv": [9.5, 0, 11.5, 2.5], "rotation": 90, "texture": "#3"},
				"south": {"uv": [0, 0, 2, 2.5], "texture": "#3"},
				"west": {"uv": [0, 0, 1, 1], "texture": "#3"},
				"up": {"uv": [13, 4, 15, 6.5], "texture": "#3"},
				"down": {"uv": [14, 0, 16, 2.5], "texture": "#3"}
			}
		},
		{
			"from": [17.16474, -5.21401, 5.44794],
			"to": [22.26886, -0.10989, 10.55206],
			"rotation": {"angle": 0, "axis": "y", "origin": [42.68537, 21.1573, 31.81925]},
			"faces": {
				"north": {"uv": [1, 0, 2, 1], "texture": "#3"},
				"east": {"uv": [0, 0, 1, 0.5], "texture": "#3"},
				"south": {"uv": [0.5, 0, 1.5, 1], "texture": "#3"},
				"west": {"uv": [0, 0, 0.75, 0.75], "texture": "#3"},
				"up": {"uv": [0, 0, 2, 1], "texture": "#3"},
				"down": {"uv": [11.5, 0, 14, 2.5], "texture": "#3"}
			}
		},
		{
			"from": [10.35924, 3.29286, 6.29862],
			"to": [13.76199, 6.69561, 9.70137],
			"rotation": {"angle": 22.5, "axis": "z", "origin": [35.87986, 28.81349, 31.81925]},
			"faces": {
				"north": {"uv": [0, 0, 0.5, 0.5], "texture": "#3"},
				"east": {"uv": [0, 0, 0.5, 0.5], "texture": "#3"},
				"south": {"uv": [0, 0, 0.5, 0.5], "texture": "#3"},
				"west": {"uv": [0, 0, 0.5, 0.5], "texture": "#3"},
				"up": {"uv": [0, 0, 0.5, 0.5], "texture": "#3"},
				"down": {"uv": [0, 0, 0.5, 0.5], "texture": "#3"}
			}
		},
		{
			"from": [-9.20657, 7.37616, 12.25344],
			"to": [-1.55038, 10.77891, 15.65619],
			"rotation": {"angle": 22.5, "axis": "z", "origin": [9.50855, 34.59816, 32.66994]},
			"faces": {
				"north": {"uv": [0, 4.5, 2.5, 5.5], "texture": "#3"},
				"east": {"uv": [0, 0, 0.5, 0.5], "texture": "#3"},
				"south": {"uv": [0, 3.5, 2.5, 4.5], "texture": "#3"},
				"west": {"uv": [0, 3.5, 0.5, 4.5], "texture": "#3"},
				"up": {"uv": [2.5, 3.5, 5, 4.5], "texture": "#3"},
				"down": {"uv": [2.5, 4.5, 5, 5.5], "texture": "#3"}
			}
		},
		{
			"from": [-9.20657, 7.37616, 0.34381],
			"to": [-1.55038, 10.77891, 3.74656],
			"rotation": {"angle": 22.5, "axis": "z", "origin": [9.50855, 34.59816, 20.76031]},
			"faces": {
				"north": {"uv": [0, 4.5, 2.5, 5.5], "texture": "#3"},
				"east": {"uv": [0, 0, 0.5, 0.5], "texture": "#3"},
				"south": {"uv": [0, 3.5, 2.5, 4.5], "texture": "#3"},
				"west": {"uv": [0, 3.5, 0.5, 4.5], "texture": "#3"},
				"up": {"uv": [2.5, 3.5, 5, 4.5], "texture": "#3"},
				"down": {"uv": [2.5, 4.5, 5, 5.5], "texture": "#3"}
			}
		},
		{
			"from": [-2.48941, 8.40588, 1.61834],
			"to": [0.19574, 11.45958, 1.61834],
			"rotation": {"angle": 0, "axis": "y", "origin": [9.77804, 18.51468, 12.46424]},
			"faces": {
				"north": {"uv": [0, 4.5, 2, 6.5], "texture": "#4"},
				"east": {"uv": [0, 0, 0.5, 0.5], "texture": "#4"},
				"south": {"uv": [6, 8, 8, 10], "texture": "#4"},
				"west": {"uv": [0, 3.5, 0.5, 4.5], "texture": "#4"},
				"up": {"uv": [2.5, 3.5, 5, 4.5], "texture": "#4"},
				"down": {"uv": [2.5, 4.5, 5, 5.5], "texture": "#4"}
			}
		},
		{
			"from": [-9.65684, 12.27293, 1.62045],
			"to": [-5.91869, 14.58953, 1.62045],
			"rotation": {"angle": 22.5, "axis": "z", "origin": [3.66361, 21.64463, 12.46635]},
			"faces": {
				"north": {"uv": [2.5, 4.5, 5, 6], "texture": "#4"},
				"east": {"uv": [0, 0, 0.5, 0.5], "texture": "#4"},
				"south": {"uv": [3, 8, 5.5, 9.5], "texture": "#4"},
				"west": {"uv": [0, 3.5, 0.5, 4.5], "texture": "#4"},
				"up": {"uv": [2.5, 3.5, 5, 4.5], "texture": "#4"},
				"down": {"uv": [2.5, 4.5, 5, 5.5], "texture": "#4"}
			}
		},
		{
			"from": [-15.77646, 13.05357, 1.62045],
			"to": [-13.73831, 14.73837, 1.62045],
			"rotation": {"angle": 45, "axis": "z", "origin": [-4.15601, 21.79347, 12.46635]},
			"faces": {
				"north": {"uv": [5, 4.5, 7.5, 5.5], "texture": "#4"},
				"east": {"uv": [0, 0, 0.5, 0.5], "texture": "#4"},
				"south": {"uv": [0.5, 8, 3, 9], "texture": "#4"},
				"west": {"uv": [0, 3.5, 0.5, 4.5], "texture": "#4"},
				"up": {"uv": [2.5, 3.5, 5, 4.5], "texture": "#4"},
				"down": {"uv": [2.5, 4.5, 5, 5.5], "texture": "#4"}
			}
		},
		{
			"from": [-4.64806, 3.87798, 0.98654],
			"to": [-3.38446, 15.88218, 2.25014],
			"rotation": {"angle": 22.5, "axis": "z", "origin": [6.93494, 22.20018, 13.09604]},
			"faces": {
				"north": {"uv": [0, 0, 5, 0.5], "rotation": 90, "texture": "#4"},
				"east": {"uv": [0, 0, 5, 0.5], "rotation": 90, "texture": "#4"},
				"south": {"uv": [0, 0, 5, 0.5], "rotation": 90, "texture": "#4"},
				"west": {"uv": [0, 0, 5, 0.5], "rotation": 90, "texture": "#4"},
				"up": {"uv": [0, 0, 0.5, 0.5], "texture": "#4"},
				"down": {"uv": [0, 0, 0.5, 0.5], "texture": "#4"}
			}
		},
		{
			"from": [8.828, -4.10812, 12.25344],
			"to": [15.6335, 2.69738, 15.65619],
			"rotation": {"angle": 0, "axis": "y", "origin": [32.64725, 23.11388, 42.0275]},
			"faces": {
				"north": {"uv": [0, 0, 2.5, 2.5], "texture": "#3"},
				"east": {"uv": [0, 0, 1.5, 2.5], "texture": "#3"},
				"south": {"uv": [0, 0, 2.5, 2.5], "texture": "#3"},
				"west": {"uv": [1, 0, 2.5, 2.5], "texture": "#3"},
				"up": {"uv": [0, 0, 1, 0.5], "texture": "#3"},
				"down": {"uv": [0, 1, 2.5, 2.5], "rotation": 180, "texture": "#3"}
			}
		},
		{
			"from": [-5.29341, -0.36509, 12.25344],
			"to": [0.6614, 1.76163, 15.65619],
			"rotation": {"angle": 22.5, "axis": "z", "origin": [18.52584, 26.85691, 42.0275]},
			"faces": {
				"north": {"uv": [0, 8.5, 2.5, 9.5], "texture": "#3"},
				"east": {"uv": [0, 9.5, 1.5, 10.5], "texture": "#3"},
				"south": {"uv": [1.5, 7.5, 4, 8.5], "texture": "#3"},
				"west": {"uv": [0, 7.5, 1.5, 8.5], "texture": "#3"},
				"up": {"uv": [0, 13, 2.5, 14.5], "texture": "#3"},
				"down": {"uv": [0, 14.5, 2.5, 16], "texture": "#3"}
			}
		},
		{
			"from": [8.828, -4.10812, 0.34381],
			"to": [15.6335, 2.69738, 3.74656],
			"rotation": {"angle": 0, "axis": "y", "origin": [32.64725, 23.11388, 30.11787]},
			"faces": {
				"north": {"uv": [0, 0, 2.5, 2.5], "texture": "#3"},
				"east": {"uv": [1, 0, 2.5, 2.5], "texture": "#3"},
				"south": {"uv": [0, 0, 2.5, 2.5], "texture": "#3"},
				"west": {"uv": [0, 0, 1.5, 2.5], "texture": "#3"},
				"up": {"uv": [0, 0, 1, 0.5], "texture": "#3"},
				"down": {"uv": [0, 1, 2.5, 2.5], "texture": "#3"}
			}
		},
		{
			"from": [-5.29341, -0.36509, 0.34381],
			"to": [0.6614, 1.76163, 3.74656],
			"rotation": {"angle": 22.5, "axis": "z", "origin": [18.52584, 26.85691, 30.11787]},
			"faces": {
				"north": {"uv": [0, 8.5, 2.5, 9.5], "texture": "#3"},
				"east": {"uv": [0, 9.5, 1.5, 10.5], "texture": "#3"},
				"south": {"uv": [1.5, 7.5, 4, 8.5], "texture": "#3"},
				"west": {"uv": [0, 7.5, 1.5, 8.5], "texture": "#3"},
				"up": {"uv": [0, 13, 2.5, 14.5], "texture": "#3"},
				"down": {"uv": [0, 14.5, 2.5, 16], "texture": "#3"}
			}
		},
		{
			"from": [18.86611, 16.73373, 10.55206],
			"to": [31.62643, 24.38991, 10.55206],
			"rotation": {"angle": 22.5, "axis": "z", "origin": [45.23743, -2.83209, 28.4165]},
			"faces": {
				"north": {"uv": [0.5, 0.5, 3, 4.5], "rotation": 270, "texture": "#1"},
				"east": {"uv": [0, 0, 1.125, 0], "rotation": 90, "texture": "#1"},
				"south": {"uv": [0.5, 5, 3, 9], "rotation": 270, "texture": "#1"},
				"west": {"uv": [0, 0, 1.125, 0], "rotation": 90, "texture": "#1"},
				"up": {"uv": [0, 0, 0, 1.875], "rotation": 90, "texture": "#1"},
				"down": {"uv": [0, 0, 0, 1.875], "rotation": 90, "texture": "#1"}
			}
		},
		{
			"from": [18.86611, 16.73373, 5.44794],
			"to": [31.62643, 24.38991, 5.44794],
			"rotation": {"angle": 22.5, "axis": "z", "origin": [45.23743, -2.83209, 23.31237]},
			"faces": {
				"north": {"uv": [0.5, 0.5, 3, 4.5], "rotation": 270, "texture": "#1"},
				"east": {"uv": [0, 0, 1.125, 0], "rotation": 90, "texture": "#1"},
				"south": {"uv": [0.5, 5, 3, 9], "rotation": 270, "texture": "#1"},
				"west": {"uv": [0, 0, 1.125, 0], "rotation": 90, "texture": "#1"},
				"up": {"uv": [0, 0, 0, 1.875], "rotation": 90, "texture": "#1"},
				"down": {"uv": [0, 0, 0, 1.875], "rotation": 90, "texture": "#1"}
			}
		}
	],
	"display": {
		"thirdperson_righthand": {
			"rotation": [90, -90, 0],
			"translation": [-6, -17, 13.5],
			"scale": [2.2, 2.2, 2.2]
		},
		"firstperson_righthand": {
			"translation": [3.5, 5, 0]
		},
		"firstperson_lefthand": {
			"rotation": [0, -180, 0],
			"translation": [3.25, 6, 0.75]
		},
		"ground": {
			"translation": [0, 5, 0]
		},
		"gui": {
			"rotation": [18, 144, 0],
			"translation": [-1.5, 6, 0],
			"scale": [1.3, 1.3, 1.3]
		},
		"fixed": {
			"translation": [2, 8.25, 0],
			"scale": [2, 2, 2]
		}
	},
	"groups": [0, 1,
		{
			"name": "Horns",
			"origin": [9.5, 14.575, 0.25],
			"children": [2, 3]
		},
		{
			"name": "Tail",
			"origin": [14.2, 10.1, 15],
			"children": [4, 5, 6]
		},
		{
			"name": "Paws",
			"origin": [12.5, 7.925, 14.5],
			"children": [7, 8, 9, 10, 11, 12, 13, 14, 15, 16]
		},
		{
			"name": "Wings",
			"origin": [16.95, 0.8, 12.5],
			"children": [17, 18]
		}
	]
}
