{"credit":"MadewithBlockbench","texture_size":[32,32],"textures":{"0":"blocks/atlantean/horns","1":"blocks/atlantean/wings","2":"blocks/atlantean/dragon","3":"blocks/atlantean/pawsandtail","4":"blocks/atlantean/trident","particle":"blocks/atlantean/horns"},"elements":[{"name":"Head","from":[-0.17038,8.05672,2.89506],"to":[10.0395,18.26661,13.10494],"rotation":{"angle":0,"axis":"y","origin":[27.05598,35.28309,30.12142]},"faces":{"north":{"uv":[3.5,0,7,3.5],"texture":"#2"},"east":{"uv":[12,0,15.5,3.5],"texture":"#2"},"south":{"uv":[7,0,10.5,3.5],"texture":"#2"},"west":{"uv":[0,0,3.5,3.5],"texture":"#2"},"up":{"uv":[0,3.5,3.5,7],"texture":"#2"},"down":{"uv":[0,3.5,3.5,7],"texture":"#2"}}},{"name":"Body","from":[12.42181,6.52524,3.74588],"to":[20.07923,20.98925,12.25412],"rotation":{"angle":22.5,"axis":"z","origin":[38.79735,-6.23712,30.12142]},"faces":{"north":{"uv":[0,11.5,5,14.5],"rotation":270,"texture":"#2"},"east":{"uv":[5,11.5,10,14.5],"rotation":90,"texture":"#2"},"south":{"uv":[5,8.5,10,11.5],"rotation":90,"texture":"#2"},"west":{"uv":[0,8.5,5,11.5],"rotation":90,"texture":"#2"},"up":{"uv":[0,8.5,1.5,11.5],"rotation":90,"texture":"#2"},"down":{"uv":[3.5,8.5,6,11.5],"texture":"#2"}}},{"from":[-6.97698,16.82021,8.51049],"to":[-6.97698,27.0301,17.35906],"rotation":{"angle":-22.5,"axis":"y","origin":[20.24939,44.04658,34.37554]},"faces":{"north":{"uv":[0,0,0,1.5],"texture":"#0"},"east":{"uv":[4.5,6,7.5,9.505],"texture":"#0"},"south":{"uv":[0,0,0,1.5],"texture":"#0"},"west":{"uv":[0.5,6,3.5,9.505],"texture":"#0"},"up":{"uv":[0,0,0,1.5],"texture":"#0"},"down":{"uv":[0,0,0,1.5],"texture":"#0"}}},{"from":[-6.97698,16.82021,-1.35906],"to":[-6.97698,27.0301,7.48951],"rotation":{"angle":22.5,"axis":"y","origin":[20.24939,44.04658,-18.37554]},"faces":{"north":{"uv":[0,0,0,1.5],"texture":"#0"},"east":{"uv":[0.5,6,3.5,9.505],"texture":"#0"},"south":{"uv":[0,0,0,1.5],"texture":"#0"},"west":{"uv":[3.5,6,0.5,9.5005],"texture":"#0"},"up":{"uv":[0,1.5,0,0],"texture":"#0"},"down":{"uv":[0,1.5,0,0],"texture":"#0"}}},{"from":[20.24939,-15.76635,4.5967],"to":[26.20516,-8.95976,11.4033],"rotation":{"angle":-22.5,"axis":"z","origin":[47.47576,11.46002,31.82307]},"faces":{"north":{"uv":[0.5,0,2.5,2.5],"texture":"#3"},"east":{"uv":[9.5,0,11.5,2.5],"rotation":90,"texture":"#3"},"south":{"uv":[0,0,2,2.5],"texture":"#3"},"west":{"uv":[0,0,1,1],"texture":"#3"},"up":{"uv":[13,4,15,6.5],"texture":"#3"},"down":{"uv":[14,0,16,2.5],"texture":"#3"}}},{"from":[17.52675,-5.21613,5.44753],"to":[22.6317,-0.11119,10.55247],"rotation":{"angle":0,"axis":"y","origin":[43.05147,21.15941,31.82307]},"faces":{"north":{"uv":[1,0,2,1],"texture":"#3"},"east":{"uv":[0,0,1,0.5],"texture":"#3"},"south":{"uv":[0.5,0,1.5,1],"texture":"#3"},"west":{"uv":[0,0,0.75,0.75],"texture":"#3"},"up":{"uv":[0,0,2,1],"texture":"#3"},"down":{"uv":[11.5,0,14,2.5],"texture":"#3"}}},{"from":[10.72016,3.29211,6.29835],"to":[14.12346,6.6954,9.70165],"rotation":{"angle":22.5,"axis":"z","origin":[36.24488,28.81683,31.82307]},"faces":{"north":{"uv":[0,0,0.5,0.5],"texture":"#3"},"east":{"uv":[0,0,0.5,0.5],"texture":"#3"},"south":{"uv":[0,0,0.5,0.5],"texture":"#3"},"west":{"uv":[0,0,0.5,0.5],"texture":"#3"},"up":{"uv":[0,0,0.5,0.5],"texture":"#3"},"down":{"uv":[0,0,0.5,0.5],"texture":"#3"}}},{"from":[-8.84879,7.37606,12.25412],"to":[-1.19137,10.77936,15.65742],"rotation":{"angle":22.5,"axis":"z","origin":[9.86934,34.60243,32.6739]},"faces":{"north":{"uv":[0,4.5,2.5,5.5],"texture":"#3"},"east":{"uv":[0,0,0.5,0.5],"texture":"#3"},"south":{"uv":[0,3.5,2.5,4.5],"texture":"#3"},"west":{"uv":[0,3.5,0.5,4.5],"texture":"#3"},"up":{"uv":[2.5,3.5,5,4.5],"texture":"#3"},"down":{"uv":[2.5,4.5,5,5.5],"texture":"#3"}}},{"from":[-8.84879,7.37606,0.34258],"to":[-1.19137,10.77936,3.74588],"rotation":{"angle":22.5,"axis":"z","origin":[9.86934,34.60243,20.76236]},"faces":{"north":{"uv":[0,4.5,2.5,5.5],"texture":"#3"},"east":{"uv":[0,0,0.5,0.5],"texture":"#3"},"south":{"uv":[0,3.5,2.5,4.5],"texture":"#3"},"west":{"uv":[0,3.5,0.5,4.5],"texture":"#3"},"up":{"uv":[2.5,3.5,5,4.5],"texture":"#3"},"down":{"uv":[2.5,4.5,5,5.5],"texture":"#3"}}},{"from":[9.18868,-4.11006,12.25412],"to":[15.99527,2.69653,15.65742],"rotation":{"angle":0,"axis":"y","origin":[33.01175,23.11631,42.03296]},"faces":{"north":{"uv":[0,0,2.5,2.5],"texture":"#3"},"east":{"uv":[0,0,1.5,2.5],"texture":"#3"},"south":{"uv":[0,0,2.5,2.5],"texture":"#3"},"west":{"uv":[1,0,2.5,2.5],"texture":"#3"},"up":{"uv":[0,0,1,0.5],"texture":"#3"},"down":{"uv":[0,1,2.5,2.5],"rotation":180,"texture":"#3"}}},{"from":[-4.935,-0.36644,12.25412],"to":[1.02077,1.76062,15.65742],"rotation":{"angle":22.5,"axis":"z","origin":[18.88807,26.85993,42.03296]},"faces":{"north":{"uv":[0,8.5,2.5,9.5],"texture":"#3"},"east":{"uv":[0,9.5,1.5,10.5],"texture":"#3"},"south":{"uv":[1.5,7.5,4,8.5],"texture":"#3"},"west":{"uv":[0,7.5,1.5,8.5],"texture":"#3"},"up":{"uv":[0,13,2.5,14.5],"texture":"#3"},"down":{"uv":[0,14.5,2.5,16],"texture":"#3"}}},{"from":[9.18868,-4.11006,0.34258],"to":[15.99527,2.69653,3.74588],"rotation":{"angle":0,"axis":"y","origin":[33.01175,23.11631,30.12142]},"faces":{"north":{"uv":[0,0,2.5,2.5],"texture":"#3"},"east":{"uv":[1,0,2.5,2.5],"texture":"#3"},"south":{"uv":[0,0,2.5,2.5],"texture":"#3"},"west":{"uv":[0,0,1.5,2.5],"texture":"#3"},"up":{"uv":[0,0,1,0.5],"texture":"#3"},"down":{"uv":[0,1,2.5,2.5],"texture":"#3"}}},{"from":[-4.935,-0.36644,0.34258],"to":[1.02077,1.76062,3.74588],"rotation":{"angle":22.5,"axis":"z","origin":[18.88807,26.85993,30.12142]},"faces":{"north":{"uv":[0,8.5,2.5,9.5],"texture":"#3"},"east":{"uv":[0,9.5,1.5,10.5],"texture":"#3"},"south":{"uv":[1.5,7.5,4,8.5],"texture":"#3"},"west":{"uv":[0,7.5,1.5,8.5],"texture":"#3"},"up":{"uv":[0,13,2.5,14.5],"texture":"#3"},"down":{"uv":[0,14.5,2.5,16],"texture":"#3"}}},{"from":[19.2284,16.73513,10.55247],"to":[30.5826,24.39254,10.55247],"rotation":{"angle":22.5,"axis":"z","origin":[45.60395,-2.83383,28.41978]},"faces":{"north":{"uv":[0.5,0.5,3,4.5],"rotation":270,"texture":"#1"},"east":{"uv":[0,0,1.125,0],"rotation":90,"texture":"#1"},"south":{"uv":[0.5,5,3,9],"rotation":270,"texture":"#1"},"west":{"uv":[0,0,1.125,0],"rotation":90,"texture":"#1"},"up":{"uv":[0,0,0,1.875],"rotation":90,"texture":"#1"},"down":{"uv":[0,0,0,1.875],"rotation":90,"texture":"#1"}}},{"from":[19.2284,16.73513,5.44753],"to":[30.5826,24.39254,5.44753],"rotation":{"angle":22.5,"axis":"z","origin":[45.60395,-2.83383,23.31483]},"faces":{"north":{"uv":[0.5,0.5,3,4.5],"rotation":270,"texture":"#1"},"east":{"uv":[0,0,1.125,0],"rotation":90,"texture":"#1"},"south":{"uv":[0.5,5,3,9],"rotation":270,"texture":"#1"},"west":{"uv":[0,0,1.125,0],"rotation":90,"texture":"#1"},"up":{"uv":[0,0,0,1.875],"rotation":90,"texture":"#1"},"down":{"uv":[0,0,0,1.875],"rotation":90,"texture":"#1"}}},{"from":[-2.73089,0.73696,0.87566],"to":[-1.02924,8.22422,2.57731],"rotation":{"angle":22.5,"axis":"z","origin":[-21.40479,18.4341,26.60038]},"faces":{"north":{"uv":[0.5,0,1,2],"texture":"#4"},"east":{"uv":[0.5,0,1,2],"texture":"#4"},"south":{"uv":[0.5,0,1,2],"texture":"#4"},"west":{"uv":[0.5,0,1,2],"texture":"#4"},"up":{"uv":[5.5,4,6.5,5],"rotation":90,"texture":"#4"},"down":{"uv":[0,0,0.25,0.25],"rotation":270,"texture":"#4"}}},{"from":[-4.00065,-12.56845,0.87566],"to":[-2.299,6.23476,2.57731],"rotation":{"angle":22.5,"axis":"z","origin":[-22.67454,13.63693,26.60038]},"faces":{"north":{"uv":[0.5,0,1,5.5],"texture":"#4"},"east":{"uv":[0.5,0,1,5.5],"texture":"#4"},"south":{"uv":[0.5,0,1,5.5],"texture":"#4"},"west":{"uv":[0.5,0,1,5.5],"texture":"#4"},"up":{"uv":[5.5,4,6.5,5],"rotation":90,"texture":"#4"},"down":{"uv":[5.5,4,6.5,5],"rotation":270,"texture":"#4"}}},{"from":[-7.23378,0.7044,0.87566],"to":[-5.7023,2.40605,2.57731],"rotation":{"angle":22.5,"axis":"z","origin":[-21.48339,18.40154,26.60038]},"faces":{"north":{"uv":[0.5,0.5,1,1],"texture":"#4"},"east":{"uv":[0.5,0.5,1,1],"texture":"#4"},"south":{"uv":[0.5,0.5,1,1],"texture":"#4"},"west":{"uv":[0.5,0.5,1,1],"texture":"#4"},"up":{"uv":[0.5,0,1,0.5],"rotation":90,"texture":"#4"},"down":{"uv":[0.5,0,1,0.5],"rotation":270,"texture":"#4"}}},{"from":[-4.31241,1.84399,0.87566],"to":[-2.95109,3.54564,2.57731],"rotation":{"angle":22.5,"axis":"z","origin":[-18.73218,19.54113,26.60038]},"faces":{"north":{"uv":[0.5,0.5,1,1],"texture":"#4"},"east":{"uv":[0.5,0.5,1,1],"texture":"#4"},"south":{"uv":[0.5,0.5,1,1],"texture":"#4"},"west":{"uv":[0.5,0.5,1,1],"texture":"#4"},"up":{"uv":[0.5,0,1,0.5],"rotation":90,"texture":"#4"},"down":{"uv":[0.5,0,1,0.5],"rotation":270,"texture":"#4"}}},{"from":[-8.46912,-1.63989,0.87566],"to":[-6.76747,5.84736,2.57731],"rotation":{"angle":22.5,"axis":"z","origin":[-27.14301,16.05725,26.60038]},"faces":{"north":{"uv":[0.5,0,1,2],"texture":"#4"},"east":{"uv":[0.5,0,1,2],"texture":"#4"},"south":{"uv":[0.5,0,1,2],"texture":"#4"},"west":{"uv":[0.5,0,1,2],"texture":"#4"},"up":{"uv":[5.5,4,6.5,5],"rotation":90,"texture":"#4"},"down":{"uv":[0,0,0.25,0.25],"rotation":270,"texture":"#4"}}}],"display":{"thirdperson_righthand":{"rotation":[90,-90,0],"translation":[-6,-14.25,13.5],"scale":[2.2,2.2,2.2]},"firstperson_righthand":{"translation":[3.5,5,0]},"firstperson_lefthand":{"rotation":[0,-180,0],"translation":[3.25,6,0.75]},"ground":{"translation":[0,5,0]},"gui":{"rotation":[18,144,0],"translation":[-1.5,6,0],"scale":[1.3,1.3,1.3]},"fixed":{"translation":[2,8.25,0],"scale":[2,2,2]}},"groups":[0,1,{"name":"Horns","origin":[9.5,14.575,0.25],"children":[2,3]},{"name":"Tail","origin":[14.2,10.1,15],"children":[4,5,6]},{"name":"Paws","origin":[12.5,7.925,14.5],"children":[7,8,9,10,11,12]},{"name":"Wings","origin":[16.95,0.8,12.5],"children":[13,14]},{"name":"Trident","origin":[-4.71725,6.81941,13.52983],"children":[15,16,17,18,19]}]}