{
	"credit": "Made with Blockbench",
	"texture_size": [32, 32],
	"textures": {
		"0": "blocks/crystal/Horns",
		"1": "blocks/crystal/Wings",
		"2": "blocks/crystal/Dragon",
		"3": "blocks/crystal/Paws and tail",
		"4": "blocks/crystal/Crystal",
		"particle": "blocks/crystal/Horns"
	},
	"elements": [
		{
			"name": "Head",
			"from": [-0.23952, 7.84486, 2.89588],
			"to": [9.96873, 18.05311, 13.10413],
			"rotation": {"angle": 0, "axis": "y", "origin": [26.98248, 35.06686, 30.11788]},
			"faces": {
				"north": {"uv": [3.5, 0, 7, 3.5], "texture": "#2"},
				"east": {"uv": [12, 0, 15.5, 3.5], "texture": "#2"},
				"south": {"uv": [7, 0, 10.5, 3.5], "texture": "#2"},
				"west": {"uv": [0, 0, 3.5, 3.5], "texture": "#2"},
				"up": {"uv": [0, 3.5, 3.5, 7], "texture": "#2"},
				"down": {"uv": [0, 3.5, 3.5, 7], "texture": "#2"}
			}
		},
		{
			"name": "Body",
			"from": [12.35066, 6.31362, 3.74656],
			"to": [20.00685, 20.77531, 12.25344],
			"rotation": {"angle": 22.5, "axis": "z", "origin": [38.72197, -6.44669, 30.11788]},
			"faces": {
				"north": {"uv": [0, 11.5, 5, 14.5], "rotation": 270, "texture": "#2"},
				"east": {"uv": [5, 11.5, 10, 14.5], "rotation": 90, "texture": "#2"},
				"south": {"uv": [5, 8.5, 10, 11.5], "rotation": 90, "texture": "#2"},
				"west": {"uv": [0, 8.5, 5, 11.5], "rotation": 90, "texture": "#2"},
				"up": {"uv": [0, 8.5, 1.5, 11.5], "rotation": 90, "texture": "#2"},
				"down": {"uv": [3.5, 8.5, 6, 11.5], "texture": "#2"}
			}
		},
		{
			"from": [-7.04502, 16.60694, 8.51041],
			"to": [-7.04502, 26.77541, 17.35756],
			"rotation": {"angle": -22.5, "axis": "y", "origin": [20.17698, 43.82894, 34.37131]},
			"faces": {
				"north": {"uv": [0, 0, 0, 1.5], "texture": "#0"},
				"east": {"uv": [4.5, 6, 7.5, 9.505], "texture": "#0"},
				"south": {"uv": [0, 0, 0, 1.5], "texture": "#0"},
				"west": {"uv": [0.5, 6, 3.5, 9.505], "texture": "#0"},
				"up": {"uv": [0, 0, 0, 1.5], "texture": "#0"},
				"down": {"uv": [0, 0, 0, 1.5], "texture": "#0"}
			}
		},
		{
			"from": [-7.04502, 16.60694, -1.35756],
			"to": [-7.04502, 26.77541, 7.48959],
			"rotation": {"angle": 22.5, "axis": "y", "origin": [20.17698, 43.82894, -18.37131]},
			"faces": {
				"north": {"uv": [0, 0, 0, 1.5], "texture": "#0"},
				"east": {"uv": [0.5, 6, 3.5, 9.505], "texture": "#0"},
				"south": {"uv": [0, 0, 0, 1.5], "texture": "#0"},
				"west": {"uv": [3.5, 6, 0.5, 9.5005], "texture": "#0"},
				"up": {"uv": [0, 1.5, 0, 0], "texture": "#0"},
				"down": {"uv": [0, 1.5, 0, 0], "texture": "#0"}
			}
		},
		{
			"from": [20.17698, -15.97439, 4.59725],
			"to": [26.1318, -9.16889, 11.40275],
			"rotation": {"angle": -22.5, "axis": "z", "origin": [47.39898, 11.24761, 31.81925]},
			"faces": {
				"north": {"uv": [0.5, 0, 2.5, 2.5], "texture": "#3"},
				"east": {"uv": [9.5, 0, 11.5, 2.5], "rotation": 90, "texture": "#3"},
				"south": {"uv": [0, 0, 2, 2.5], "texture": "#3"},
				"west": {"uv": [0, 0, 1, 1], "texture": "#3"},
				"up": {"uv": [13, 4, 15, 6.5], "texture": "#3"},
				"down": {"uv": [14, 0, 16, 2.5], "texture": "#3"}
			}
		},
		{
			"from": [17.45478, -5.42587, 5.44794],
			"to": [22.55891, -0.32174, 10.55206],
			"rotation": {"angle": 0, "axis": "y", "origin": [42.97541, 20.94544, 31.81925]},
			"faces": {
				"north": {"uv": [1, 0, 2, 1], "texture": "#3"},
				"east": {"uv": [0, 0, 1, 0.5], "texture": "#3"},
				"south": {"uv": [0.5, 0, 1.5, 1], "texture": "#3"},
				"west": {"uv": [0, 0, 0.75, 0.75], "texture": "#3"},
				"up": {"uv": [0, 0, 2, 1], "texture": "#3"},
				"down": {"uv": [11.5, 0, 14, 2.5], "texture": "#3"}
			}
		},
		{
			"from": [8.89565, 3.3056, 6.29862],
			"to": [11.27757, 6.70835, 9.70137],
			"rotation": {"angle": 22.5, "axis": "z", "origin": [34.41627, 33.82622, 31.81925]},
			"faces": {
				"north": {"uv": [6, 0, 7.5, 1.5], "rotation": 180, "texture": "#4"},
				"east": {"uv": [0, 0, 0.5, 0.5], "texture": "#4"},
				"south": {"uv": [6, 0, 7.5, 1.5], "texture": "#4"},
				"west": {"uv": [0, 0, 0.5, 0.5], "texture": "#4"},
				"up": {"uv": [6, 0, 7.5, 1.5], "texture": "#4"},
				"down": {"uv": [6, 0, 7.5, 1.5], "texture": "#4"}
			}
		},
		{
			"from": [25.88857, 8.06945, 6.29862],
			"to": [29.29132, 10.45137, 9.70137],
			"rotation": {"angle": -22.5, "axis": "z", "origin": [3.7707, 33.59007, 31.81925]},
			"faces": {
				"north": {"uv": [6, 0, 7.5, 1.5], "rotation": 270, "texture": "#4"},
				"east": {"uv": [6, 0, 7.5, 1.5], "rotation": 270, "texture": "#4"},
				"south": {"uv": [6, 0, 7.5, 1.5], "rotation": 270, "texture": "#4"},
				"west": {"uv": [6, 0, 7.5, 1.5], "rotation": 270, "texture": "#4"},
				"up": {"uv": [0, 0, 0.5, 0.5], "rotation": 270, "texture": "#4"},
				"down": {"uv": [0, 0, 0.5, 0.5], "rotation": 270, "texture": "#4"}
			}
		},
		{
			"from": [-8.91653, 7.16431, 12.25344],
			"to": [-1.26034, 10.56706, 15.65619],
			"rotation": {"angle": 22.5, "axis": "z", "origin": [9.7986, 34.38631, 32.66994]},
			"faces": {
				"north": {"uv": [0, 4.5, 2.5, 5.5], "texture": "#3"},
				"east": {"uv": [0, 0, 0.5, 0.5], "texture": "#3"},
				"south": {"uv": [0, 3.5, 2.5, 4.5], "texture": "#3"},
				"west": {"uv": [0, 3.5, 0.5, 4.5], "texture": "#3"},
				"up": {"uv": [2.5, 3.5, 5, 4.5], "texture": "#3"},
				"down": {"uv": [2.5, 4.5, 5, 5.5], "texture": "#3"}
			}
		},
		{
			"from": [-8.91653, 7.16431, 0.34381],
			"to": [-1.26034, 10.56706, 3.74656],
			"rotation": {"angle": 22.5, "axis": "z", "origin": [9.7986, 34.38631, 20.76031]},
			"faces": {
				"north": {"uv": [0, 4.5, 2.5, 5.5], "texture": "#3"},
				"east": {"uv": [0, 0, 0.5, 0.5], "texture": "#3"},
				"south": {"uv": [0, 3.5, 2.5, 4.5], "texture": "#3"},
				"west": {"uv": [0, 3.5, 0.5, 4.5], "texture": "#3"},
				"up": {"uv": [2.5, 3.5, 5, 4.5], "texture": "#3"},
				"down": {"uv": [2.5, 4.5, 5, 5.5], "texture": "#3"}
			}
		},
		{
			"from": [9.11805, -4.31997, 12.25344],
			"to": [15.92355, 2.48553, 15.65619],
			"rotation": {"angle": 0, "axis": "y", "origin": [32.9373, 22.90203, 42.0275]},
			"faces": {
				"north": {"uv": [0, 0, 2.5, 2.5], "texture": "#3"},
				"east": {"uv": [0, 0, 1.5, 2.5], "texture": "#3"},
				"south": {"uv": [0, 0, 2.5, 2.5], "texture": "#3"},
				"west": {"uv": [1, 0, 2.5, 2.5], "texture": "#3"},
				"up": {"uv": [0, 0, 1, 0.5], "texture": "#3"},
				"down": {"uv": [0, 1, 2.5, 2.5], "rotation": 180, "texture": "#3"}
			}
		},
		{
			"from": [-5.00337, -0.57695, 12.25344],
			"to": [0.95145, 1.54977, 15.65619],
			"rotation": {"angle": 22.5, "axis": "z", "origin": [18.81588, 26.64505, 42.0275]},
			"faces": {
				"north": {"uv": [0, 8.5, 2.5, 9.5], "texture": "#3"},
				"east": {"uv": [0, 9.5, 1.5, 10.5], "texture": "#3"},
				"south": {"uv": [1.5, 7.5, 4, 8.5], "texture": "#3"},
				"west": {"uv": [0, 7.5, 1.5, 8.5], "texture": "#3"},
				"up": {"uv": [0, 13, 2.5, 14.5], "texture": "#3"},
				"down": {"uv": [0, 14.5, 2.5, 16], "texture": "#3"}
			}
		},
		{
			"from": [9.11805, -4.31997, 0.34381],
			"to": [15.92355, 2.48553, 3.74656],
			"rotation": {"angle": 0, "axis": "y", "origin": [32.9373, 22.90203, 30.11788]},
			"faces": {
				"north": {"uv": [0, 0, 2.5, 2.5], "texture": "#3"},
				"east": {"uv": [1, 0, 2.5, 2.5], "texture": "#3"},
				"south": {"uv": [0, 0, 2.5, 2.5], "texture": "#3"},
				"west": {"uv": [0, 0, 1.5, 2.5], "texture": "#3"},
				"up": {"uv": [0, 0, 1, 0.5], "texture": "#3"},
				"down": {"uv": [0, 1, 2.5, 2.5], "texture": "#3"}
			}
		},
		{
			"from": [-5.00337, -0.57695, 0.34381],
			"to": [0.95145, 1.54977, 3.74656],
			"rotation": {"angle": 22.5, "axis": "z", "origin": [18.81588, 26.64505, 30.11788]},
			"faces": {
				"north": {"uv": [0, 8.5, 2.5, 9.5], "texture": "#3"},
				"east": {"uv": [0, 9.5, 1.5, 10.5], "texture": "#3"},
				"south": {"uv": [1.5, 7.5, 4, 8.5], "texture": "#3"},
				"west": {"uv": [0, 7.5, 1.5, 8.5], "texture": "#3"},
				"up": {"uv": [0, 13, 2.5, 14.5], "texture": "#3"},
				"down": {"uv": [0, 14.5, 2.5, 16], "texture": "#3"}
			}
		},
		{
			"from": [19.15616, 16.52187, 10.55206],
			"to": [31.91647, 24.17806, 10.55206],
			"rotation": {"angle": 22.5, "axis": "z", "origin": [45.52747, -3.04394, 28.4165]},
			"faces": {
				"north": {"uv": [0.5, 0.5, 3, 4.5], "rotation": 270, "texture": "#1"},
				"east": {"uv": [0, 0, 1.125, 0], "rotation": 90, "texture": "#1"},
				"south": {"uv": [0.5, 5, 3, 9], "rotation": 270, "texture": "#1"},
				"west": {"uv": [0, 0, 1.125, 0], "rotation": 90, "texture": "#1"},
				"up": {"uv": [0, 0, 0, 1.875], "rotation": 90, "texture": "#1"},
				"down": {"uv": [0, 0, 0, 1.875], "rotation": 90, "texture": "#1"}
			}
		},
		{
			"from": [19.15616, 16.52187, 5.44794],
			"to": [31.91647, 24.17806, 5.44794],
			"rotation": {"angle": 22.5, "axis": "z", "origin": [45.52747, -3.04394, 23.31237]},
			"faces": {
				"north": {"uv": [0.5, 0.5, 3, 4.5], "rotation": 270, "texture": "#1"},
				"east": {"uv": [0, 0, 1.125, 0], "rotation": 90, "texture": "#1"},
				"south": {"uv": [0.5, 5, 3, 9], "rotation": 270, "texture": "#1"},
				"west": {"uv": [0, 0, 1.125, 0], "rotation": 90, "texture": "#1"},
				"up": {"uv": [0, 0, 0, 1.875], "rotation": 90, "texture": "#1"},
				"down": {"uv": [0, 0, 0, 1.875], "rotation": 90, "texture": "#1"}
			}
		},
		{
			"from": [8.04805, -9.56173, 6.29862],
			"to": [10.42998, -7.17981, 9.70137],
			"rotation": {"angle": 22.5, "axis": "z", "origin": [-15.7712, 16.63944, 33.52062]},
			"faces": {
				"north": {"uv": [1, 2, 2, 3], "rotation": 90, "texture": "#4"},
				"east": {"uv": [0, 0, 1, 1.5], "rotation": 270, "texture": "#4"},
				"south": {"uv": [0, 2, 1, 3], "rotation": 270, "texture": "#4"},
				"west": {"uv": [0, 0, 1, 1], "rotation": 270, "texture": "#4"},
				"up": {"uv": [1.5, 0, 3, 1], "rotation": 270, "texture": "#4"},
				"down": {"uv": [0, 0, 1, 1], "rotation": 270, "texture": "#4"}
			}
		}
	],
	"display": {
		"thirdperson_righthand": {
			"rotation": [90, -90, 0],
			"translation": [-6, -14.75, 13.5],
			"scale": [2.2, 2.2, 2.2]
		},
		"firstperson_righthand": {
			"translation": [3.5, 5, 0]
		},
		"firstperson_lefthand": {
			"rotation": [0, -180, 0],
			"translation": [3.25, 6, 0.75]
		},
		"ground": {
			"translation": [0, 5, 0]
		},
		"gui": {
			"rotation": [18, 144, 0],
			"translation": [-1.5, 6, 0],
			"scale": [1.3, 1.3, 1.3]
		},
		"fixed": {
			"translation": [2, 8.25, 0],
			"scale": [2, 2, 2]
		}
	},
	"groups": [0, 1,
		{
			"name": "Horns",
			"origin": [9.5, 14.575, 0.25],
			"children": [2, 3]
		},
		{
			"name": "Tail",
			"origin": [14.2, 10.1, 15],
			"children": [4, 5, 6, 7]
		},
		{
			"name": "Paws",
			"origin": [12.5, 7.925, 14.5],
			"children": [8, 9, 10, 11, 12, 13]
		},
		{
			"name": "Wings",
			"origin": [16.95, 0.8, 12.5],
			"children": [14, 15]
		}, 16]
}
