{
	"credit": "Made with Blockbench",
	"texture_size": [32, 32],
	"textures": {
		"0": "blocks/superhero/Horns",
		"1": "blocks/superhero/Wings",
		"2": "blocks/superhero/Dragon",
		"3": "blocks/superhero/Paws and tail",
		"4": "blocks/superhero/Cape",
		"particle": "blocks/superhero/Horns"
	},
	"elements": [
		{
			"name": "Head",
			"from": [-0.55045, 8.28806, 2.897],
			"to": [9.65555, 18.49406, 13.103],
			"rotation": {"angle": 0, "axis": "y", "origin": [26.66556, 35.50407, 30.11301]},
			"faces": {
				"north": {"uv": [3.5, 0, 7, 3.5], "texture": "#2"},
				"east": {"uv": [12, 0, 15.5, 3.5], "texture": "#2"},
				"south": {"uv": [7, 0, 10.5, 3.5], "texture": "#2"},
				"west": {"uv": [0, 0, 3.5, 3.5], "texture": "#2"},
				"up": {"uv": [0, 3.5, 3.5, 7], "texture": "#2"},
				"down": {"uv": [0, 3.5, 3.5, 7], "texture": "#2"}
			}
		},
		{
			"name": "Body",
			"from": [11.98654, 6.53095, 3.83088],
			"to": [19.49096, 20.70596, 12.16912],
			"rotation": {"angle": 22.5, "axis": "z", "origin": [37.83508, -5.97641, 29.67942]},
			"faces": {
				"north": {"uv": [0, 11.5, 5, 14.5], "rotation": 270, "texture": "#2"},
				"east": {"uv": [5, 11.5, 10, 14.5], "rotation": 90, "texture": "#2"},
				"south": {"uv": [5, 8.5, 10, 11.5], "rotation": 90, "texture": "#2"},
				"west": {"uv": [0, 8.5, 5, 11.5], "rotation": 90, "texture": "#2"},
				"up": {"uv": [0, 8.5, 0.5, 9.5], "rotation": 90, "texture": "#2"},
				"down": {"uv": [3.5, 8.5, 6, 11.5], "texture": "#2"}
			}
		},
		{
			"from": [-7.02464, 16.62022, 8.50029],
			"to": [-7.02464, 26.62611, 17.17206],
			"rotation": {"angle": -22.5, "axis": "y", "origin": [19.65772, 43.30259, 33.84854]},
			"faces": {
				"north": {"uv": [0, 0, 0, 1.5], "texture": "#0"},
				"east": {"uv": [4.5, 6, 7.5, 9.505], "texture": "#0"},
				"south": {"uv": [0, 0, 0, 1.5], "texture": "#0"},
				"west": {"uv": [0.5, 6, 3.5, 9.505], "texture": "#0"},
				"up": {"uv": [0, 0, 0, 1.5], "texture": "#0"},
				"down": {"uv": [0, 0, 0, 1.5], "texture": "#0"}
			}
		},
		{
			"from": [-7.02464, 16.62022, -1.17206],
			"to": [-7.02464, 26.62611, 7.49971],
			"rotation": {"angle": 22.5, "axis": "y", "origin": [19.65772, 43.30259, -17.84854]},
			"faces": {
				"north": {"uv": [0, 0, 0, 1.5], "texture": "#0"},
				"east": {"uv": [0.5, 6, 3.5, 9.505], "texture": "#0"},
				"south": {"uv": [0, 0, 0, 1.5], "texture": "#0"},
				"west": {"uv": [3.5, 6, 0.5, 9.5005], "texture": "#0"},
				"up": {"uv": [0, 1.5, 0, 0], "texture": "#0"},
				"down": {"uv": [0, 1.5, 0, 0], "texture": "#0"}
			}
		},
		{
			"from": [19.65772, -15.31523, 4.6647],
			"to": [25.49449, -8.64464, 11.3353],
			"rotation": {"angle": -22.5, "axis": "z", "origin": [46.34009, 11.36713, 31.34707]},
			"faces": {
				"north": {"uv": [0.5, 0, 2.5, 2.5], "texture": "#3"},
				"east": {"uv": [9.5, 0, 11.5, 2.5], "rotation": 90, "texture": "#3"},
				"south": {"uv": [0, 0, 2, 2.5], "texture": "#3"},
				"west": {"uv": [0, 0, 1, 1], "texture": "#3"},
				"up": {"uv": [13, 4, 15, 6.5], "texture": "#3"},
				"down": {"uv": [14, 0, 16, 2.5], "texture": "#3"}
			}
		},
		{
			"from": [16.98949, -4.97582, 5.49853],
			"to": [21.99243, 0.02713, 10.50147],
			"rotation": {"angle": 0, "axis": "y", "origin": [42.0042, 20.87272, 31.34707]},
			"faces": {
				"north": {"uv": [1, 0, 2, 1], "texture": "#3"},
				"east": {"uv": [0, 0, 1, 0.5], "texture": "#3"},
				"south": {"uv": [0.5, 0, 1.5, 1], "texture": "#3"},
				"west": {"uv": [0, 0, 0.75, 0.75], "texture": "#3"},
				"up": {"uv": [0, 0, 2, 1], "texture": "#3"},
				"down": {"uv": [11.5, 0, 14, 2.5], "texture": "#3"}
			}
		},
		{
			"from": [10.31889, 3.36242, 6.33235],
			"to": [13.65419, 6.69772, 9.66765],
			"rotation": {"angle": 22.5, "axis": "z", "origin": [35.33361, 28.37714, 31.34707]},
			"faces": {
				"north": {"uv": [0, 0, 0.5, 0.5], "texture": "#3"},
				"east": {"uv": [0, 0, 0.5, 0.5], "texture": "#3"},
				"south": {"uv": [0, 0, 0.5, 0.5], "texture": "#3"},
				"west": {"uv": [0, 0, 0.5, 0.5], "texture": "#3"},
				"up": {"uv": [0, 0, 0.5, 0.5], "texture": "#3"},
				"down": {"uv": [0, 0, 0.5, 0.5], "texture": "#3"}
			}
		},
		{
			"from": [-8.85906, 7.36478, 12.16912],
			"to": [-1.35464, 10.70007, 15.50442],
			"rotation": {"angle": 22.5, "axis": "z", "origin": [9.48507, 34.04714, 32.18089]},
			"faces": {
				"north": {"uv": [0, 4.5, 2.5, 5.5], "texture": "#3"},
				"east": {"uv": [0, 0, 0.5, 0.5], "texture": "#3"},
				"south": {"uv": [0, 3.5, 2.5, 4.5], "texture": "#3"},
				"west": {"uv": [0, 3.5, 0.5, 4.5], "texture": "#3"},
				"up": {"uv": [2.5, 3.5, 5, 4.5], "texture": "#3"},
				"down": {"uv": [2.5, 4.5, 5, 5.5], "texture": "#3"}
			}
		},
		{
			"from": [-8.85906, 7.36478, 0.49558],
			"to": [-1.35464, 10.70007, 3.83088],
			"rotation": {"angle": 22.5, "axis": "z", "origin": [9.48507, 34.04714, 20.50736]},
			"faces": {
				"north": {"uv": [0, 4.5, 2.5, 5.5], "texture": "#3"},
				"east": {"uv": [0, 0, 0.5, 0.5], "texture": "#3"},
				"south": {"uv": [0, 3.5, 2.5, 4.5], "texture": "#3"},
				"west": {"uv": [0, 3.5, 0.5, 4.5], "texture": "#3"},
				"up": {"uv": [2.5, 3.5, 5, 4.5], "texture": "#3"},
				"down": {"uv": [2.5, 4.5, 5, 5.5], "texture": "#3"}
			}
		},
		{
			"from": [8.81801, -3.89185, 12.16912],
			"to": [15.4886, 2.77875, 15.50442],
			"rotation": {"angle": 0, "axis": "y", "origin": [32.16508, 22.79052, 41.35296]},
			"faces": {
				"north": {"uv": [0, 0, 2.5, 2.5], "texture": "#3"},
				"east": {"uv": [0, 0, 1.5, 2.5], "texture": "#3"},
				"south": {"uv": [0, 0, 2.5, 2.5], "texture": "#3"},
				"west": {"uv": [1, 0, 2.5, 2.5], "texture": "#3"},
				"up": {"uv": [0, 0, 1, 0.5], "texture": "#3"},
				"down": {"uv": [0, 1, 2.5, 2.5], "rotation": 180, "texture": "#3"}
			}
		},
		{
			"from": [-5.02347, -0.22302, 12.16912],
			"to": [0.8133, 1.86154, 15.50442],
			"rotation": {"angle": 22.5, "axis": "z", "origin": [18.3236, 26.45934, 41.35296]},
			"faces": {
				"north": {"uv": [0, 8.5, 2.5, 9.5], "texture": "#3"},
				"east": {"uv": [0, 9.5, 1.5, 10.5], "texture": "#3"},
				"south": {"uv": [1.5, 7.5, 4, 8.5], "texture": "#3"},
				"west": {"uv": [0, 7.5, 1.5, 8.5], "texture": "#3"},
				"up": {"uv": [0, 13, 2.5, 14.5], "texture": "#3"},
				"down": {"uv": [0, 14.5, 2.5, 16], "texture": "#3"}
			}
		},
		{
			"from": [8.81801, -3.89185, 0.49558],
			"to": [15.4886, 2.77875, 3.83088],
			"rotation": {"angle": 0, "axis": "y", "origin": [32.16508, 22.79052, 29.67942]},
			"faces": {
				"north": {"uv": [0, 0, 2.5, 2.5], "texture": "#3"},
				"east": {"uv": [1, 0, 2.5, 2.5], "texture": "#3"},
				"south": {"uv": [0, 0, 2.5, 2.5], "texture": "#3"},
				"west": {"uv": [0, 0, 1.5, 2.5], "texture": "#3"},
				"up": {"uv": [0, 0, 1, 0.5], "texture": "#3"},
				"down": {"uv": [0, 1, 2.5, 2.5], "texture": "#3"}
			}
		},
		{
			"from": [-5.02347, -0.22302, 0.49558],
			"to": [0.8133, 1.86154, 3.83088],
			"rotation": {"angle": 22.5, "axis": "z", "origin": [18.3236, 26.45934, 29.67942]},
			"faces": {
				"north": {"uv": [0, 8.5, 2.5, 9.5], "texture": "#3"},
				"east": {"uv": [0, 9.5, 1.5, 10.5], "texture": "#3"},
				"south": {"uv": [1.5, 7.5, 4, 8.5], "texture": "#3"},
				"west": {"uv": [0, 7.5, 1.5, 8.5], "texture": "#3"},
				"up": {"uv": [0, 13, 2.5, 14.5], "texture": "#3"},
				"down": {"uv": [0, 14.5, 2.5, 16], "texture": "#3"}
			}
		},
		{
			"from": [18.65713, 16.53684, 5.49853],
			"to": [31.16449, 24.04126, 5.49853],
			"rotation": {"angle": 22.5, "axis": "z", "origin": [44.50567, -2.64111, 23.00883]},
			"faces": {
				"north": {"uv": [0.5, 0.5, 3, 4.5], "rotation": 270, "texture": "#1"},
				"east": {"uv": [0, 0, 1.125, 0], "rotation": 90, "texture": "#1"},
				"south": {"uv": [0.5, 5, 3, 9], "rotation": 270, "texture": "#1"},
				"west": {"uv": [0, 0, 1.125, 0], "rotation": 90, "texture": "#1"},
				"up": {"uv": [0, 0, 0, 1.875], "rotation": 90, "texture": "#1"},
				"down": {"uv": [0, 0, 0, 1.875], "rotation": 90, "texture": "#1"}
			}
		},
		{
			"from": [18.65713, 16.53684, 10.50147],
			"to": [31.16449, 24.04126, 10.50147],
			"rotation": {"angle": 22.5, "axis": "z", "origin": [44.50567, -2.64111, 28.01177]},
			"faces": {
				"north": {"uv": [0.5, 0.5, 3, 4.5], "rotation": 270, "texture": "#1"},
				"east": {"uv": [0, 0, 1.125, 0], "rotation": 90, "texture": "#1"},
				"south": {"uv": [0.5, 5, 3, 9], "rotation": 270, "texture": "#1"},
				"west": {"uv": [0, 0, 1.125, 0], "rotation": 90, "texture": "#1"},
				"up": {"uv": [0, 0, 0, 1.875], "rotation": 90, "texture": "#1"},
				"down": {"uv": [0, 0, 0, 1.875], "rotation": 90, "texture": "#1"}
			}
		},
		{
			"from": [-7.76419, 13.95952, 3.83088],
			"to": [-7.76419, 28.6, 12.16912],
			"rotation": {"angle": 45, "axis": "z", "origin": [22.01818, 42.37424, 30.51325]},
			"faces": {
				"north": {"uv": [0, 0, 0, 2.5], "texture": "#4"},
				"east": {"uv": [0, 0, 12, 6], "rotation": 90, "texture": "#4"},
				"south": {"uv": [0, 0, 0, 2.5], "texture": "#4"},
				"west": {"uv": [0, 0, 1.25, 2.5], "texture": "#4"},
				"up": {"uv": [0, 0, 0, 1.25], "texture": "#4"},
				"down": {"uv": [0, 0, 0, 1.25], "texture": "#4"}
			}
		}
	],
	"display": {
		"thirdperson_righthand": {
			"rotation": [90, -90, 0],
			"translation": [-6, -17, 13.5],
			"scale": [2.2, 2.2, 2.2]
		},
		"firstperson_righthand": {
			"translation": [3.5, 5, 0]
		},
		"firstperson_lefthand": {
			"rotation": [0, -180, 0],
			"translation": [3.25, 6, 0.75]
		},
		"ground": {
			"translation": [0, 5, 0]
		},
		"gui": {
			"rotation": [18, 144, 0],
			"translation": [-1.5, 6, 0],
			"scale": [1.3, 1.3, 1.3]
		},
		"fixed": {
			"translation": [2, 8.25, 0],
			"scale": [2, 2, 2]
		}
	},
	"groups": [0, 1,
		{
			"name": "Horns",
			"origin": [9.5, 14.575, 0.25],
			"children": [2, 3]
		},
		{
			"name": "Tail",
			"origin": [14.2, 10.1, 15],
			"children": [4, 5, 6]
		},
		{
			"name": "Paws",
			"origin": [12.5, 7.925, 14.5],
			"children": [7, 8, 9, 10, 11, 12]
		},
		{
			"name": "Wings",
			"origin": [16.95, 0.8, 12.5],
			"children": [13, 14]
		}, 15]
}
