{"credit":"MadewithBlockbench","texture_size":[32,32],"textures":{"0":"blocks/carnival/Horns","1":"blocks/carnival/Wings","2":"blocks/carnival/Dragon","3":"blocks/carnival/Pawsandtail","4":"blocks/carnival/Feathers","particle":"blocks/carnival/Horns"},"elements":[{"name":"Head","from":[-0.52936,8.05671,2.89599],"to":[9.67865,18.26473,13.10401],"rotation":{"angle":0,"axis":"y","origin":[26.69201,35.27809,30.11737]},"faces":{"north":{"uv":[3.5,0,7,3.5],"texture":"#2"},"east":{"uv":[12,0,15.5,3.5],"texture":"#2"},"south":{"uv":[7,0,10.5,3.5],"texture":"#2"},"west":{"uv":[0,0,3.5,3.5],"texture":"#2"},"up":{"uv":[0,3.5,3.5,7],"texture":"#2"},"down":{"uv":[0,3.5,3.5,7],"texture":"#2"}}},{"name":"Body","from":[12.06052,6.52551,3.74666],"to":[19.71653,20.98686,12.25334],"rotation":{"angle":22.5,"axis":"z","origin":[38.43123,-6.23451,30.11737]},"faces":{"north":{"uv":[0,11.5,5,14.5],"rotation":270,"texture":"#2"},"east":{"uv":[5,11.5,10,14.5],"rotation":90,"texture":"#2"},"south":{"uv":[5,8.5,10,11.5],"rotation":90,"texture":"#2"},"west":{"uv":[0,8.5,5,11.5],"rotation":90,"texture":"#2"},"up":{"uv":[0,8.5,1.5,11.5],"rotation":90,"texture":"#2"},"down":{"uv":[3.5,8.5,6,11.5],"texture":"#2"}}},{"from":[-7.33471,16.81859,8.5104],"to":[-7.33471,27.02661,17.35735],"rotation":{"angle":-22.5,"axis":"y","origin":[19.88667,44.03997,34.37071]},"faces":{"north":{"uv":[0,0,0,1.5],"texture":"#0"},"east":{"uv":[4.5,6,7.5,9.505],"texture":"#0"},"south":{"uv":[0,0,0,1.5],"texture":"#0"},"west":{"uv":[0.5,6,3.5,9.505],"texture":"#0"},"up":{"uv":[0,0,0,1.5],"texture":"#0"},"down":{"uv":[0,0,0,1.5],"texture":"#0"}}},{"from":[-7.33471,16.81859,-1.35735],"to":[-7.33471,27.02661,7.4896],"rotation":{"angle":22.5,"axis":"y","origin":[19.88667,44.03997,-18.37071]},"faces":{"north":{"uv":[0,0,0,1.5],"texture":"#0"},"east":{"uv":[0.5,6,3.5,9.505],"texture":"#0"},"south":{"uv":[0,0,0,1.5],"texture":"#0"},"west":{"uv":[3.5,6,0.5,9.5005],"texture":"#0"},"up":{"uv":[0,1.5,0,0],"texture":"#0"},"down":{"uv":[0,1.5,0,0],"texture":"#0"}}},{"from":[19.88667,-15.76199,4.59733],"to":[25.84134,-8.95665,11.40267],"rotation":{"angle":-22.5,"axis":"z","origin":[47.10804,11.45938,31.8187]},"faces":{"north":{"uv":[0.5,0,2.5,2.5],"texture":"#3"},"east":{"uv":[9.5,0,11.5,2.5],"rotation":90,"texture":"#3"},"south":{"uv":[0,0,2,2.5],"texture":"#3"},"west":{"uv":[0,0,1,1],"texture":"#3"},"up":{"uv":[13,4,15,6.5],"texture":"#3"},"down":{"uv":[14,0,16,2.5],"texture":"#3"}}},{"from":[17.16453,-5.21371,5.448],"to":[22.26854,-0.1097,10.552],"rotation":{"angle":0,"axis":"y","origin":[42.68457,21.157,31.8187]},"faces":{"north":{"uv":[1,0,2,1],"texture":"#3"},"east":{"uv":[0,0,1,0.5],"texture":"#3"},"south":{"uv":[0.5,0,1.5,1],"texture":"#3"},"west":{"uv":[0,0,0.75,0.75],"texture":"#3"},"up":{"uv":[0,0,2,1],"texture":"#3"},"down":{"uv":[11.5,0,14,2.5],"texture":"#3"}}},{"from":[10.35919,3.29297,6.29866],"to":[13.76186,6.69564,9.70134],"rotation":{"angle":22.5,"axis":"z","origin":[35.87923,28.81301,31.8187]},"faces":{"north":{"uv":[0,0,0.5,0.5],"texture":"#3"},"east":{"uv":[0,0,0.5,0.5],"texture":"#3"},"south":{"uv":[0,0,0.5,0.5],"texture":"#3"},"west":{"uv":[0,0,0.5,0.5],"texture":"#3"},"up":{"uv":[0,0,0.5,0.5],"texture":"#3"},"down":{"uv":[0,0,0.5,0.5],"texture":"#3"}}},{"from":[-9.20618,7.37618,12.25334],"to":[-1.55017,10.77885,15.65601],"rotation":{"angle":22.5,"axis":"z","origin":[9.50852,34.59755,32.66937]},"faces":{"north":{"uv":[0,4.5,2.5,5.5],"texture":"#3"},"east":{"uv":[0,0,0.5,0.5],"texture":"#3"},"south":{"uv":[0,3.5,2.5,4.5],"texture":"#3"},"west":{"uv":[0,3.5,0.5,4.5],"texture":"#3"},"up":{"uv":[2.5,3.5,5,4.5],"texture":"#3"},"down":{"uv":[2.5,4.5,5,5.5],"texture":"#3"}}},{"from":[-9.20618,7.37618,0.34399],"to":[-1.55017,10.77885,3.74666],"rotation":{"angle":22.5,"axis":"z","origin":[9.50852,34.59755,20.76002]},"faces":{"north":{"uv":[0,4.5,2.5,5.5],"texture":"#3"},"east":{"uv":[0,0,0.5,0.5],"texture":"#3"},"south":{"uv":[0,3.5,2.5,4.5],"texture":"#3"},"west":{"uv":[0,3.5,0.5,4.5],"texture":"#3"},"up":{"uv":[2.5,3.5,5,4.5],"texture":"#3"},"down":{"uv":[2.5,4.5,5,5.5],"texture":"#3"}}},{"from":[8.82798,-4.10784,12.25334],"to":[15.63333,2.6975,15.65601],"rotation":{"angle":0,"axis":"y","origin":[32.64669,23.11353,42.02672]},"faces":{"north":{"uv":[0,0,2.5,2.5],"texture":"#3"},"east":{"uv":[0,0,1.5,2.5],"texture":"#3"},"south":{"uv":[0,0,2.5,2.5],"texture":"#3"},"west":{"uv":[1,0,2.5,2.5],"texture":"#3"},"up":{"uv":[0,0,1,0.5],"texture":"#3"},"down":{"uv":[0,1,2.5,2.5],"rotation":180,"texture":"#3"}}},{"from":[-5.29311,-0.3649,12.25334],"to":[0.66157,1.76177,15.65601],"rotation":{"angle":22.5,"axis":"z","origin":[18.5256,26.85647,42.02672]},"faces":{"north":{"uv":[0,8.5,2.5,9.5],"texture":"#3"},"east":{"uv":[0,9.5,1.5,10.5],"texture":"#3"},"south":{"uv":[1.5,7.5,4,8.5],"texture":"#3"},"west":{"uv":[0,7.5,1.5,8.5],"texture":"#3"},"up":{"uv":[0,13,2.5,14.5],"texture":"#3"},"down":{"uv":[0,14.5,2.5,16],"texture":"#3"}}},{"from":[8.82798,-4.10784,0.34399],"to":[15.63333,2.6975,3.74666],"rotation":{"angle":0,"axis":"y","origin":[32.64669,23.11353,30.11737]},"faces":{"north":{"uv":[0,0,2.5,2.5],"texture":"#3"},"east":{"uv":[1,0,2.5,2.5],"texture":"#3"},"south":{"uv":[0,0,2.5,2.5],"texture":"#3"},"west":{"uv":[0,0,1.5,2.5],"texture":"#3"},"up":{"uv":[0,0,1,0.5],"texture":"#3"},"down":{"uv":[0,1,2.5,2.5],"texture":"#3"}}},{"from":[-5.29311,-0.3649,0.34399],"to":[0.66157,1.76177,3.74666],"rotation":{"angle":22.5,"axis":"z","origin":[18.5256,26.85647,30.11737]},"faces":{"north":{"uv":[0,8.5,2.5,9.5],"texture":"#3"},"east":{"uv":[0,9.5,1.5,10.5],"texture":"#3"},"south":{"uv":[1.5,7.5,4,8.5],"texture":"#3"},"west":{"uv":[0,7.5,1.5,8.5],"texture":"#3"},"up":{"uv":[0,13,2.5,14.5],"texture":"#3"},"down":{"uv":[0,14.5,2.5,16],"texture":"#3"}}},{"from":[10.22202,-0.31941,6.25174],"to":[10.22202,23.49929,30.07044],"rotation":{"angle":0,"axis":"y","origin":[34.44339,29.90196,31.14811]},"faces":{"north":{"uv":[0,0,0,3.5],"texture":"#4"},"east":{"uv":[9,0,16,7],"texture":"#4"},"south":{"uv":[0,0,0,3.5],"texture":"#4"},"west":{"uv":[0,0,7,7],"texture":"#4"},"up":{"uv":[0,0,0,3.5],"texture":"#4"},"down":{"uv":[0,0,0,3.5],"texture":"#4"}}},{"from":[10.90255,-10.18716,6.25174],"to":[10.90255,13.63154,30.07044],"rotation":{"angle":0,"axis":"y","origin":[35.12393,20.03421,31.14811]},"faces":{"north":{"uv":[0,0,0,3.5],"texture":"#4"},"east":{"uv":[9,9,16,16],"texture":"#4"},"south":{"uv":[0,0,0,3.5],"texture":"#4"},"west":{"uv":[0,9,7,16],"texture":"#4"},"up":{"uv":[0,0,0,3.5],"texture":"#4"},"down":{"uv":[0,0,0,3.5],"texture":"#4"}}},{"from":[10.22202,-0.31941,-13.675],"to":[10.22202,23.49929,9.65441],"rotation":{"angle":0,"axis":"y","origin":[34.44339,29.90196,10.73208]},"faces":{"north":{"uv":[0,0,0,3.5],"texture":"#4"},"east":{"uv":[0,0,7,7],"texture":"#4"},"south":{"uv":[0,0,0,3.5],"texture":"#4"},"west":{"uv":[9,0,16,7],"texture":"#4"},"up":{"uv":[0,0,0,3.5],"texture":"#4"},"down":{"uv":[0,0,0,3.5],"texture":"#4"}}},{"from":[10.90255,-10.18716,-13.675],"to":[10.90255,13.63154,9.65441],"rotation":{"angle":0,"axis":"y","origin":[35.12393,20.03421,10.73208]},"faces":{"north":{"uv":[0,0,0,3.5],"texture":"#4"},"east":{"uv":[0,9,7,16],"texture":"#4"},"south":{"uv":[0,0,0,3.5],"texture":"#4"},"west":{"uv":[9,9,16,16],"texture":"#4"},"up":{"uv":[0,0,0,3.5],"texture":"#4"},"down":{"uv":[0,0,0,3.5],"texture":"#4"}}},{"from":[18.86587,16.73352,5.448],"to":[31.62589,24.38954,5.448],"rotation":{"angle":22.5,"axis":"z","origin":[45.23657,-2.83184,23.31202]},"faces":{"north":{"uv":[0.5,0.5,3,4.5],"rotation":270,"texture":"#1"},"east":{"uv":[0,0,1.125,0],"rotation":90,"texture":"#1"},"south":{"uv":[0.5,5,3,9],"rotation":270,"texture":"#1"},"west":{"uv":[0,0,1.125,0],"rotation":90,"texture":"#1"},"up":{"uv":[0,0,0,1.875],"rotation":90,"texture":"#1"},"down":{"uv":[0,0,0,1.875],"rotation":90,"texture":"#1"}}},{"from":[18.86587,16.73352,10.552],"to":[31.62589,24.38954,10.552],"rotation":{"angle":22.5,"axis":"z","origin":[45.23657,-2.83184,28.41603]},"faces":{"north":{"uv":[0.5,0.5,3,4.5],"rotation":270,"texture":"#1"},"east":{"uv":[0,0,1.125,0],"rotation":90,"texture":"#1"},"south":{"uv":[0.5,5,3,9],"rotation":270,"texture":"#1"},"west":{"uv":[0,0,1.125,0],"rotation":90,"texture":"#1"},"up":{"uv":[0,0,0,1.875],"rotation":90,"texture":"#1"},"down":{"uv":[0,0,0,1.875],"rotation":90,"texture":"#1"}}}],"display":{"thirdperson_righthand":{"rotation":[90,-90,0],"translation":[-6,-17,13.5],"scale":[2.2,2.2,2.2]},"firstperson_righthand":{"translation":[3.5,5,0]},"firstperson_lefthand":{"rotation":[0,-180,0],"translation":[3.25,6,0.75]},"ground":{"translation":[0,5,0]},"gui":{"rotation":[18,144,0],"translation":[-1.5,6,0],"scale":[1.3,1.3,1.3]},"fixed":{"translation":[2,8.25,0],"scale":[2,2,2]}},"groups":[0,1,{"name":"Horns","origin":[9.5,14.575,0.25],"children":[2,3]},{"name":"Tail","origin":[14.2,10.1,15],"children":[4,5,6]},{"name":"Paws","origin":[12.5,7.925,14.5],"children":[7,8,9,10,11,12,13,14,15,16]},{"name":"Wings","origin":[16.95,0.8,12.5],"children":[17,18]}]}