{
	"credit": "Model by Samuel McLaughlin with Blockbench ",
	"texture_size": [128, 128],
	"textures": {
		"0": "blocks/selector/warlock_king",
		"particle": "blocks/selector/warlock_king"
	},
	"elements": [
		{
			"from": [0.96, 7.96, 3.96],
			"to": [9.04, 16.04, 12.04],
			"rotation": {"angle": 0, "axis": "y", "origin": [9, 16, 12]},
			"faces": {
				"north": {"uv": [0, 5.375, 1, 6.375], "texture": "#0"},
				"east": {"uv": [1, 5.375, 2, 6.375], "texture": "#0"},
				"south": {"uv": [2, 5.375, 3, 6.375], "texture": "#0"},
				"west": {"uv": [3, 5.375, 4, 6.375], "texture": "#0"},
				"up": {"uv": [6.5, 6.5, 5.5, 5.5], "texture": "#0"},
				"down": {"uv": [6.5, 4.25, 5.5, 5.25], "texture": "#0"}
			}
		},
		{
			"from": [3.96, 10.41, 3.635],
			"to": [6.04, 13.49, 5.715],
			"rotation": {"angle": 0, "axis": "y", "origin": [5, 11.95, 8.175]},
			"faces": {
				"north": {"uv": [0, 11.375, 0.26, 11.76], "texture": "#0"},
				"east": {"uv": [0.2595, 11.375, 0, 11.76], "texture": "#0"},
				"south": {"uv": [0, 11.375, 0.2595, 11.76], "texture": "#0"},
				"west": {"uv": [0, 11.375, 0.2595, 11.76], "texture": "#0"},
				"up": {"uv": [8.74987, 1.7495, 9.00925, 2.00888], "texture": "#0"},
				"down": {"uv": [8.74987, 1.7495, 9.00925, 2.00888], "texture": "#0"}
			}
		},
		{
			"from": [0.99, 13.99, 3.99],
			"to": [9.01, 19.01, 10.01],
			"rotation": {"angle": -22.5, "axis": "x", "origin": [5, 17, 8]},
			"faces": {
				"north": {"uv": [8.375, 2.25, 9.375, 2.875], "texture": "#0"},
				"east": {"uv": [9, 4, 9.75, 4.625], "texture": "#0"},
				"south": {"uv": [8.375, 2.875, 9.375, 3.5], "texture": "#0"},
				"west": {"uv": [9, 4.625, 9.75, 5.25], "texture": "#0"},
				"up": {"uv": [8.125, 7.875, 7.125, 7.125], "texture": "#0"},
				"down": {"uv": [1, 7.25, 0, 8], "texture": "#0"}
			}
		},
		{
			"from": [-0.56981, 8.3441, 3.96],
			"to": [-0.56981, 16.3441, 11.96],
			"rotation": {"angle": -22.5, "axis": "z", "origin": [-0.56981, 12.3441, 6.96]},
			"faces": {
				"east": {"uv": [6.75, 1, 5.75, 2], "texture": "#0"},
				"west": {"uv": [5.75, 1, 6.75, 2], "texture": "#0"}
			}
		},
		{
			"from": [10.56981, 8.3441, 3.96],
			"to": [10.56981, 16.3441, 11.96],
			"rotation": {"angle": 22.5, "axis": "z", "origin": [10.56981, 12.3441, 6.96]},
			"faces": {
				"east": {"uv": [6.75, 1, 5.75, 2], "texture": "#0"},
				"west": {"uv": [5.75, 1, 6.75, 2], "texture": "#0"}
			}
		},
		{
			"from": [-0.56981, 8.3441, 3.96],
			"to": [-0.56981, 16.3441, 11.96],
			"rotation": {"angle": -22.5, "axis": "z", "origin": [-0.56981, 12.3441, 6.96]},
			"faces": {
				"north": {"uv": [0, 0, 0, 1], "texture": "#0"},
				"east": {"uv": [5.75, 0, 6.75, 1], "texture": "#0"},
				"south": {"uv": [0, 0, 0, 1], "texture": "#0"},
				"west": {"uv": [5.75, 1, 6.75, 2], "texture": "#0"},
				"up": {"uv": [0, 1, 0, 0], "texture": "#0"},
				"down": {"uv": [0, 0, 0, 1], "texture": "#0"}
			}
		},
		{
			"from": [10.56981, 8.3441, 3.96],
			"to": [10.56981, 16.3441, 11.96],
			"rotation": {"angle": 22.5, "axis": "z", "origin": [10.56981, 12.3441, 6.96]},
			"faces": {
				"north": {"uv": [0, 0, 0, 1], "texture": "#0"},
				"east": {"uv": [6.75, 1, 5.75, 2], "texture": "#0"},
				"south": {"uv": [0, 0, 0, 1], "texture": "#0"},
				"west": {"uv": [6.75, 0, 5.75, 1], "texture": "#0"},
				"up": {"uv": [0, 1, 0, 0], "texture": "#0"},
				"down": {"uv": [0, 0, 0, 1], "texture": "#0"}
			}
		},
		{
			"from": [1, 13.22404, 6.43595],
			"to": [9, 18.22404, 12.43595],
			"rotation": {"angle": 45, "axis": "x", "origin": [5, 15.72404, 9.43595]},
			"faces": {
				"north": {"uv": [1, 8.5, 2, 9.125], "texture": "#0"},
				"east": {"uv": [0.5, 9.125, 1.25, 9.75], "texture": "#0"},
				"south": {"uv": [8.5, 8.5, 9.5, 9.125], "texture": "#0"},
				"west": {"uv": [1.25, 9.125, 2, 9.75], "texture": "#0"},
				"up": {"uv": [8.25, 0.75, 7.25, 0], "texture": "#0"},
				"down": {"uv": [8.25, 0.75, 7.25, 1.5], "texture": "#0"}
			}
		},
		{
			"from": [1, 9.21616, 12.5492],
			"to": [9, 15.21616, 14.5492],
			"rotation": {"angle": -22.5, "axis": "x", "origin": [5, 12.21616, 13.5492]},
			"faces": {
				"north": {"uv": [7.625, 1.5, 8.625, 2.25], "texture": "#0"},
				"east": {"uv": [8.125, 9.875, 8.375, 10.625], "texture": "#0"},
				"south": {"uv": [2.625, 7.875, 3.625, 8.625], "texture": "#0"},
				"west": {"uv": [9.875, 2.25, 10.125, 3], "texture": "#0"},
				"up": {"uv": [4.25, 3.25, 3.25, 3], "texture": "#0"},
				"down": {"uv": [6.5, 5.25, 5.5, 5.5], "texture": "#0"}
			}
		},
		{
			"from": [1, 16.54181, 10.20371],
			"to": [9, 16.54181, 16.20371],
			"rotation": {"angle": 22.5, "axis": "x", "origin": [5, 16.54181, 13.20371]},
			"faces": {
				"up": {"uv": [8.375, 3.25, 7.375, 2.5], "texture": "#0"},
				"down": {"uv": [7.375, 3.25, 8.375, 2.5], "rotation": 180, "texture": "#0"}
			}
		},
		{
			"from": [1, 12.54181, 11.57871],
			"to": [9, 12.54181, 17.57871],
			"rotation": {"angle": 45, "axis": "x", "origin": [5, 12.54181, 14.57871]},
			"faces": {
				"up": {"uv": [8.125, 8.625, 7.125, 7.875], "texture": "#0"},
				"down": {"uv": [7.125, 8.625, 8.125, 7.875], "rotation": 180, "texture": "#0"}
			}
		},
		{
			"from": [1, 6.54181, 14.07871],
			"to": [9, 12.54181, 14.07871],
			"rotation": {"angle": -22.5, "axis": "x", "origin": [5, 12.54181, 14.57871]},
			"faces": {
				"north": {"uv": [9, 4.75, 8, 5.5], "texture": "#0"},
				"south": {"uv": [8, 4.75, 9, 5.5], "texture": "#0"}
			}
		},
		{
			"from": [0.025, 5, 3.75],
			"to": [11.025, 16, 3.75],
			"rotation": {"angle": 0, "axis": "y", "origin": [9.525, 16, 12]},
			"faces": {
				"north": {"uv": [1.875, 1.875, 3.25, 3.25], "texture": "#0"},
				"south": {"uv": [1.875, 1.875, 3.25, 3.25], "texture": "#0"}
			}
		},
		{
			"from": [0, 13, 5],
			"to": [3, 19, 8],
			"rotation": {"angle": 22.5, "axis": "z", "origin": [1.5, 16.5, 6.5]},
			"faces": {
				"north": {"uv": [9.5, 5.25, 9.875, 6], "texture": "#0"},
				"east": {"uv": [9.5, 8.375, 9.875, 9.125], "texture": "#0"},
				"south": {"uv": [2, 9.625, 2.375, 10.375], "texture": "#0"},
				"west": {"uv": [3, 9.625, 3.375, 10.375], "texture": "#0"},
				"up": {"uv": [10.125, 5.125, 9.75, 4.75], "texture": "#0"},
				"down": {"uv": [10.25, 3, 9.875, 3.375], "texture": "#0"}
			}
		},
		{
			"from": [7, 13, 5],
			"to": [10, 19, 8],
			"rotation": {"angle": -22.5, "axis": "z", "origin": [8.5, 16.5, 6.5]},
			"faces": {
				"north": {"uv": [9.875, 5.25, 9.5, 6], "texture": "#0"},
				"east": {"uv": [3.375, 9.625, 3, 10.375], "texture": "#0"},
				"south": {"uv": [2.375, 9.625, 2, 10.375], "texture": "#0"},
				"west": {"uv": [9.875, 8.375, 9.5, 9.125], "texture": "#0"},
				"up": {"uv": [9.75, 5.125, 10.125, 4.75], "texture": "#0"},
				"down": {"uv": [9.875, 3, 10.25, 3.375], "texture": "#0"}
			}
		},
		{
			"from": [-2.7, 13, 6],
			"to": [-0.7, 17, 7],
			"rotation": {"angle": 45, "axis": "z", "origin": [1.5, 16.5, 6.5]},
			"faces": {
				"north": {"uv": [10, 0.5, 10.25, 1], "texture": "#0"},
				"east": {"uv": [6.75, 1.5, 6.875, 2], "texture": "#0"},
				"south": {"uv": [10, 1, 10.25, 1.5], "texture": "#0"},
				"west": {"uv": [9.375, 3, 9.5, 3.5], "texture": "#0"},
				"up": {"uv": [10.25, 7.125, 10, 7], "texture": "#0"},
				"down": {"uv": [10.25, 7.125, 10, 7.25], "texture": "#0"}
			}
		},
		{
			"from": [10.7, 13, 6],
			"to": [12.7, 17, 7],
			"rotation": {"angle": -45, "axis": "z", "origin": [8.5, 16.5, 6.5]},
			"faces": {
				"north": {"uv": [10.25, 0.5, 10, 1], "texture": "#0"},
				"east": {"uv": [9.5, 3, 9.375, 3.5], "texture": "#0"},
				"south": {"uv": [10.25, 1, 10, 1.5], "texture": "#0"},
				"west": {"uv": [6.875, 1.5, 6.75, 2], "texture": "#0"},
				"up": {"uv": [10, 7.125, 10.25, 7], "texture": "#0"},
				"down": {"uv": [10, 7.125, 10.25, 7.25], "texture": "#0"}
			}
		},
		{
			"from": [-2.7, 13, 6],
			"to": [-0.7, 17, 7],
			"rotation": {"angle": 45, "axis": "z", "origin": [1.5, 16.5, 6.5]},
			"faces": {
				"north": {"uv": [10, 0.5, 10.25, 1], "texture": "#0"},
				"east": {"uv": [6.75, 1.5, 6.875, 2], "texture": "#0"},
				"south": {"uv": [10, 1, 10.25, 1.5], "texture": "#0"},
				"west": {"uv": [9.375, 3, 9.5, 3.5], "texture": "#0"},
				"up": {"uv": [10.25, 7.125, 10, 7], "texture": "#0"},
				"down": {"uv": [10.25, 7.125, 10, 7.25], "texture": "#0"}
			}
		},
		{
			"from": [-1.7, 17, 6],
			"to": [-0.7, 19, 7],
			"rotation": {"angle": 45, "axis": "z", "origin": [1.5, 16.5, 6.5]},
			"faces": {
				"north": {"uv": [10, 7.25, 10.125, 7.5], "texture": "#0"},
				"east": {"uv": [2.875, 10.125, 3, 10.375], "texture": "#0"},
				"south": {"uv": [4.375, 10.125, 4.5, 10.375], "texture": "#0"},
				"west": {"uv": [4.5, 10.125, 4.625, 10.375], "texture": "#0"},
				"up": {"uv": [6.875, 10.25, 6.75, 10.125], "texture": "#0"},
				"down": {"uv": [7, 10.125, 6.875, 10.25], "texture": "#0"}
			}
		},
		{
			"from": [10.7, 17, 6],
			"to": [11.7, 19, 7],
			"rotation": {"angle": -45, "axis": "z", "origin": [8.5, 16.5, 6.5]},
			"faces": {
				"north": {"uv": [10.125, 7.25, 10, 7.5], "texture": "#0"},
				"east": {"uv": [4.625, 10.125, 4.5, 10.375], "texture": "#0"},
				"south": {"uv": [4.5, 10.125, 4.375, 10.375], "texture": "#0"},
				"west": {"uv": [3, 10.125, 2.875, 10.375], "texture": "#0"},
				"up": {"uv": [6.75, 10.25, 6.875, 10.125], "texture": "#0"},
				"down": {"uv": [6.875, 10.125, 7, 10.25], "texture": "#0"}
			}
		},
		{
			"from": [-1.7, 17, 6],
			"to": [-0.7, 19, 7],
			"rotation": {"angle": 45, "axis": "z", "origin": [1.5, 16.5, 6.5]},
			"faces": {
				"north": {"uv": [10, 7.25, 10.125, 7.5], "texture": "#0"},
				"east": {"uv": [2.875, 10.125, 3, 10.375], "texture": "#0"},
				"south": {"uv": [4.375, 10.125, 4.5, 10.375], "texture": "#0"},
				"west": {"uv": [4.5, 10.125, 4.625, 10.375], "texture": "#0"},
				"up": {"uv": [6.875, 10.25, 6.75, 10.125], "texture": "#0"},
				"down": {"uv": [7, 10.125, 6.875, 10.25], "texture": "#0"}
			}
		},
		{
			"from": [-0.22208, 17.65746, 5.5],
			"to": [1.77792, 21.65746, 7.5],
			"rotation": {"angle": 0, "axis": "z", "origin": [-0.22208, 20.65746, 6.5]},
			"faces": {
				"north": {"uv": [9.875, 5.125, 10.125, 5.625], "texture": "#0"},
				"east": {"uv": [9.875, 8.125, 10.125, 8.625], "texture": "#0"},
				"south": {"uv": [9.875, 8.625, 10.125, 9.125], "texture": "#0"},
				"west": {"uv": [10, 0, 10.25, 0.5], "texture": "#0"},
				"up": {"uv": [9.625, 9.375, 9.375, 9.125], "texture": "#0"},
				"down": {"uv": [9.875, 8.125, 9.625, 8.375], "texture": "#0"}
			}
		},
		{
			"from": [8.22208, 17.65746, 5.5],
			"to": [10.22208, 21.65746, 7.5],
			"rotation": {"angle": 0, "axis": "z", "origin": [10.22208, 20.65746, 6.5]},
			"faces": {
				"north": {"uv": [10.125, 5.125, 9.875, 5.625], "texture": "#0"},
				"east": {"uv": [10.25, 0, 10, 0.5], "texture": "#0"},
				"south": {"uv": [10.125, 8.625, 9.875, 9.125], "texture": "#0"},
				"west": {"uv": [10.125, 8.125, 9.875, 8.625], "texture": "#0"},
				"up": {"uv": [9.375, 9.375, 9.625, 9.125], "texture": "#0"},
				"down": {"uv": [9.625, 8.125, 9.875, 8.375], "texture": "#0"}
			}
		},
		{
			"from": [0.75292, 21.53246, 6],
			"to": [1.75292, 23.53246, 7],
			"rotation": {"angle": -22.5, "axis": "z", "origin": [0.77792, 22.65746, 6.5]},
			"faces": {
				"north": {"uv": [5.625, 10, 5.75, 10.25], "texture": "#0"},
				"east": {"uv": [7.875, 10, 8, 10.25], "texture": "#0"},
				"south": {"uv": [9.25, 10, 9.375, 10.25], "texture": "#0"},
				"west": {"uv": [10, 6.75, 10.125, 7], "texture": "#0"},
				"up": {"uv": [6.625, 10.25, 6.5, 10.125], "texture": "#0"},
				"down": {"uv": [6.75, 10.125, 6.625, 10.25], "texture": "#0"}
			}
		},
		{
			"from": [8.24708, 21.53246, 6],
			"to": [9.24708, 23.53246, 7],
			"rotation": {"angle": 22.5, "axis": "z", "origin": [9.22208, 22.65746, 6.5]},
			"faces": {
				"north": {"uv": [5.75, 10, 5.625, 10.25], "texture": "#0"},
				"east": {"uv": [10.125, 6.75, 10, 7], "texture": "#0"},
				"south": {"uv": [9.375, 10, 9.25, 10.25], "texture": "#0"},
				"west": {"uv": [8, 10, 7.875, 10.25], "texture": "#0"},
				"up": {"uv": [6.5, 10.25, 6.625, 10.125], "texture": "#0"},
				"down": {"uv": [6.625, 10.125, 6.75, 10.25], "texture": "#0"}
			}
		},
		{
			"from": [1, -4, 6],
			"to": [9, 8, 10],
			"rotation": {"angle": 0, "axis": "y", "origin": [9, 8, 12]},
			"faces": {
				"north": {"uv": [3.25, 0, 4.25, 1.5], "texture": "#0"},
				"east": {"uv": [3.375, 6.375, 3.875, 7.875], "texture": "#0"},
				"south": {"uv": [3.25, 1.5, 4.25, 3], "texture": "#0"},
				"west": {"uv": [3.875, 6.75, 4.375, 8.25], "texture": "#0"},
				"up": {"uv": [5.875, 9.125, 4.875, 8.625], "texture": "#0"},
				"down": {"uv": [8.125, 8.625, 7.125, 9.125], "texture": "#0"}
			}
		},
		{
			"from": [1, -9.5, 3.3],
			"to": [9, -0.5, 3.3],
			"rotation": {"angle": 22.5, "axis": "x", "origin": [5, -8, 3.3]},
			"faces": {
				"north": {"uv": [4.5, 4.625, 5.5, 5.75], "texture": "#0"},
				"south": {"uv": [4.5, 4.625, 5.5, 5.75], "texture": "#0"}
			}
		},
		{
			"from": [1, -9.5, 12.7],
			"to": [9, -0.5, 12.7],
			"rotation": {"angle": -22.5, "axis": "x", "origin": [5, -8, 12.7]},
			"faces": {
				"north": {"uv": [5.5, 4.625, 4.5, 5.75], "texture": "#0"},
				"south": {"uv": [5.5, 4.625, 4.5, 5.75], "texture": "#0"}
			}
		},
		{
			"from": [1, -6.5, 3.025],
			"to": [4, 7.5, 3.025],
			"rotation": {"angle": 22.5, "axis": "x", "origin": [0, -5, 3.025]},
			"faces": {
				"north": {"uv": [8.125, 8.125, 8.5, 9.875], "texture": "#0"},
				"south": {"uv": [8.5, 8.125, 8.125, 9.875], "texture": "#0"}
			}
		},
		{
			"from": [6, -6.5, 3.025],
			"to": [9, 7.5, 3.025],
			"rotation": {"angle": 22.5, "axis": "x", "origin": [10, -5, 3.025]},
			"faces": {
				"north": {"uv": [8.5, 8.125, 8.125, 9.875], "texture": "#0"},
				"south": {"uv": [8.125, 8.125, 8.5, 9.875], "texture": "#0"}
			}
		},
		{
			"from": [-2, -9.5, 5.3],
			"to": [-2, -0.5, 11.3],
			"rotation": {"angle": -22.5, "axis": "z", "origin": [-2, -8, 8.3]},
			"faces": {
				"north": {"uv": [0, 0, 0, 1.125], "texture": "#0"},
				"east": {"uv": [7.375, 2.875, 6.625, 4], "texture": "#0"},
				"south": {"uv": [0, 0, 0, 1.125], "texture": "#0"},
				"west": {"uv": [6.625, 2.875, 7.375, 4], "texture": "#0"},
				"up": {"uv": [0, 0.75, 0, 0], "texture": "#0"},
				"down": {"uv": [0, 0, 0, 0.75], "texture": "#0"}
			}
		},
		{
			"from": [12, -9.5, 5.3],
			"to": [12, -0.5, 11.3],
			"rotation": {"angle": 22.5, "axis": "z", "origin": [12, -8, 8.3]},
			"faces": {
				"north": {"uv": [0, 0, 0, 1.125], "texture": "#0"},
				"east": {"uv": [7.375, 2.875, 6.625, 4], "texture": "#0"},
				"south": {"uv": [0, 0, 0, 1.125], "texture": "#0"},
				"west": {"uv": [6.625, 2.875, 7.375, 4], "texture": "#0"},
				"up": {"uv": [0, 0.75, 0, 0], "texture": "#0"},
				"down": {"uv": [0, 0, 0, 0.75], "texture": "#0"}
			}
		},
		{
			"from": [-2, -9.5, 5.3],
			"to": [-2, -0.5, 11.3],
			"rotation": {"angle": -22.5, "axis": "z", "origin": [-2, -8, 8.3]},
			"faces": {
				"north": {"uv": [0, 0, 0, 1.125], "texture": "#0"},
				"east": {"uv": [2.625, 6.375, 3.375, 7.5], "texture": "#0"},
				"south": {"uv": [0, 0, 0, 1.125], "texture": "#0"},
				"west": {"uv": [6.625, 2.875, 7.375, 4], "texture": "#0"},
				"up": {"uv": [0, 0.75, 0, 0], "texture": "#0"},
				"down": {"uv": [0, 0, 0, 0.75], "texture": "#0"}
			}
		},
		{
			"from": [-7.65642, -7.77269, 11.175],
			"to": [1.34358, -3.77269, 11.175],
			"rotation": {"angle": 22.5, "axis": "z", "origin": [-3.65642, -5.77269, 11.175]},
			"faces": {
				"north": {"uv": [1.875, 1.375, 3, 1.875], "texture": "#0"},
				"east": {"uv": [0, 0, 0, 0.5], "texture": "#0"},
				"south": {"uv": [3, 1.375, 1.875, 1.875], "texture": "#0"},
				"west": {"uv": [0, 0, 0, 0.5], "texture": "#0"},
				"up": {"uv": [1.125, 0, 0, 0], "texture": "#0"},
				"down": {"uv": [1.125, 0, 0, 0], "texture": "#0"}
			}
		},
		{
			"from": [8.65642, -7.77269, 11.175],
			"to": [17.65642, -3.77269, 11.175],
			"rotation": {"angle": -22.5, "axis": "z", "origin": [13.65642, -5.77269, 11.175]},
			"faces": {
				"north": {"uv": [3, 1.375, 1.875, 1.875], "texture": "#0"},
				"east": {"uv": [0, 0, 0, 0.5], "texture": "#0"},
				"south": {"uv": [1.875, 1.375, 3, 1.875], "texture": "#0"},
				"west": {"uv": [0, 0, 0, 0.5], "texture": "#0"},
				"up": {"uv": [0, 0, 1.125, 0], "texture": "#0"},
				"down": {"uv": [0, 0, 1.125, 0], "texture": "#0"}
			}
		},
		{
			"from": [-6.63142, -4.17269, 12.375],
			"to": [2.36858, -0.17269, 12.375],
			"rotation": {"angle": 22.5, "axis": "y", "origin": [-2.63142, -2.17269, 12.375]},
			"faces": {
				"north": {"uv": [8.375, 3.5, 9.5, 4], "texture": "#0"},
				"east": {"uv": [0, 0, 0, 0.5], "texture": "#0"},
				"south": {"uv": [9.5, 3.5, 8.375, 4], "texture": "#0"},
				"west": {"uv": [0, 0, 0, 0.5], "texture": "#0"},
				"up": {"uv": [1.125, 0, 0, 0], "texture": "#0"},
				"down": {"uv": [1.125, 0, 0, 0], "texture": "#0"}
			}
		},
		{
			"from": [7.63142, -4.17269, 12.375],
			"to": [16.63142, -0.17269, 12.375],
			"rotation": {"angle": -22.5, "axis": "y", "origin": [12.63142, -2.17269, 12.375]},
			"faces": {
				"north": {"uv": [9.5, 3.5, 8.375, 4], "texture": "#0"},
				"east": {"uv": [0, 0, 0, 0.5], "texture": "#0"},
				"south": {"uv": [8.375, 3.5, 9.5, 4], "texture": "#0"},
				"west": {"uv": [0, 0, 0, 0.5], "texture": "#0"},
				"up": {"uv": [0, 0, 1.125, 0], "texture": "#0"},
				"down": {"uv": [0, 0, 1.125, 0], "texture": "#0"}
			}
		},
		{
			"from": [-4.48142, -13.77269, 11.3],
			"to": [-0.48142, -4.77269, 11.3],
			"rotation": {"angle": -45, "axis": "z", "origin": [-2.48142, -9.77269, 11.3]},
			"faces": {
				"north": {"uv": [2, 8.5, 2.5, 9.625], "texture": "#0"},
				"east": {"uv": [0, 0, 0, 1.125], "texture": "#0"},
				"south": {"uv": [2.5, 8.5, 2, 9.625], "texture": "#0"},
				"west": {"uv": [0, 0, 0, 1.125], "texture": "#0"},
				"up": {"uv": [0.5, 0, 0, 0], "texture": "#0"},
				"down": {"uv": [0.5, 0, 0, 0], "texture": "#0"}
			}
		},
		{
			"from": [10.48142, -13.77269, 11.3],
			"to": [14.48142, -4.77269, 11.3],
			"rotation": {"angle": 45, "axis": "z", "origin": [12.48142, -9.77269, 11.3]},
			"faces": {
				"north": {"uv": [2.5, 8.5, 2, 9.625], "texture": "#0"},
				"east": {"uv": [0, 0, 0, 1.125], "texture": "#0"},
				"south": {"uv": [2, 8.5, 2.5, 9.625], "texture": "#0"},
				"west": {"uv": [0, 0, 0, 1.125], "texture": "#0"},
				"up": {"uv": [0, 0, 0.5, 0], "texture": "#0"},
				"down": {"uv": [0, 0, 0.5, 0], "texture": "#0"}
			}
		},
		{
			"from": [-0.9, -12.075, 5.3],
			"to": [-0.9, -5.075, 11.3],
			"rotation": {"angle": -22.5, "axis": "z", "origin": [-0.9, -10.575, 8.3]},
			"faces": {
				"north": {"uv": [0, 0, 0, 0.875], "texture": "#0"},
				"east": {"uv": [8, 5.5, 8.75, 6.375], "texture": "#0"},
				"south": {"uv": [0, 0, 0, 0.875], "texture": "#0"},
				"west": {"uv": [6.375, 8.125, 7.125, 9], "texture": "#0"},
				"up": {"uv": [0, 0.75, 0, 0], "texture": "#0"},
				"down": {"uv": [0, 0, 0, 0.75], "texture": "#0"}
			}
		},
		{
			"from": [1.775, -13.025, 3.45],
			"to": [7.775, -6.025, 3.45],
			"rotation": {"angle": 22.5, "axis": "x", "origin": [4.775, -11.525, 3.45]},
			"faces": {
				"north": {"uv": [6.375, 8.125, 7.125, 9], "texture": "#0"},
				"south": {"uv": [8, 5.5, 8.75, 6.375], "texture": "#0"}
			}
		},
		{
			"from": [10.9, -12.075, 5.3],
			"to": [10.9, -5.075, 11.3],
			"rotation": {"angle": 22.5, "axis": "z", "origin": [10.9, -10.575, 8.3]},
			"faces": {
				"north": {"uv": [0, 0, 0, 0.875], "texture": "#0"},
				"east": {"uv": [7.125, 8.125, 6.375, 9], "texture": "#0"},
				"south": {"uv": [0, 0, 0, 0.875], "texture": "#0"},
				"west": {"uv": [8.75, 5.5, 8, 6.375], "texture": "#0"},
				"up": {"uv": [0, 0.75, 0, 0], "texture": "#0"},
				"down": {"uv": [0, 0, 0, 0.75], "texture": "#0"}
			}
		},
		{
			"from": [-0.9, -12.075, 5.3],
			"to": [-0.9, -5.075, 11.3],
			"rotation": {"angle": -22.5, "axis": "z", "origin": [-0.9, -10.575, 8.3]},
			"faces": {
				"north": {"uv": [0, 0, 0, 0.875], "texture": "#0"},
				"east": {"uv": [8, 5.5, 8.75, 6.375], "texture": "#0"},
				"south": {"uv": [0, 0, 0, 0.875], "texture": "#0"},
				"west": {"uv": [6.375, 8.125, 7.125, 9], "texture": "#0"},
				"up": {"uv": [0, 0.75, 0, 0], "texture": "#0"},
				"down": {"uv": [0, 0, 0, 0.75], "texture": "#0"}
			}
		},
		{
			"from": [1, -14.3862, 2.7259],
			"to": [9, -9.3862, 2.7259],
			"rotation": {"angle": 0, "axis": "x", "origin": [5, -13.8862, 2.7259]},
			"faces": {
				"north": {"uv": [8.25, 0, 9.25, 0.625], "texture": "#0"},
				"south": {"uv": [8.25, 0, 9.25, 0.625], "texture": "#0"}
			}
		},
		{
			"from": [1, -14.3862, 13.2741],
			"to": [9, -9.3862, 13.2741],
			"rotation": {"angle": 0, "axis": "x", "origin": [5, -13.8862, 13.2741]},
			"faces": {
				"north": {"uv": [9.25, 0, 8.25, 0.625], "texture": "#0"},
				"south": {"uv": [9.25, 0, 8.25, 0.625], "texture": "#0"}
			}
		},
		{
			"from": [-2.5741, -14.3862, 5.3],
			"to": [-2.5741, -9.3862, 11.3],
			"rotation": {"angle": 0, "axis": "x", "origin": [-2.5741, -13.8862, 8.3]},
			"faces": {
				"north": {"uv": [0, 0, 0, 0.625], "texture": "#0"},
				"east": {"uv": [7.125, 9, 6.375, 9.625], "texture": "#0"},
				"south": {"uv": [0, 0, 0, 0.625], "texture": "#0"},
				"west": {"uv": [6.375, 9, 7.125, 9.625], "texture": "#0"},
				"up": {"uv": [0, 0.75, 0, 0], "texture": "#0"},
				"down": {"uv": [0, 0, 0, 0.75], "texture": "#0"}
			}
		},
		{
			"from": [12.5741, -14.3862, 5.3],
			"to": [12.5741, -9.3862, 11.3],
			"rotation": {"angle": 0, "axis": "x", "origin": [12.5741, -13.8862, 8.3]},
			"faces": {
				"north": {"uv": [0, 0, 0, 0.625], "texture": "#0"},
				"east": {"uv": [7.125, 9, 6.375, 9.625], "texture": "#0"},
				"south": {"uv": [0, 0, 0, 0.625], "texture": "#0"},
				"west": {"uv": [6.375, 9, 7.125, 9.625], "texture": "#0"},
				"up": {"uv": [0, 0.75, 0, 0], "texture": "#0"},
				"down": {"uv": [0, 0, 0, 0.75], "texture": "#0"}
			}
		},
		{
			"from": [-2.5741, -14.3862, 5.3],
			"to": [-2.5741, -9.3862, 11.3],
			"rotation": {"angle": 0, "axis": "x", "origin": [-2.5741, -13.8862, 8.3]},
			"faces": {
				"north": {"uv": [0, 0, 0, 0.625], "texture": "#0"},
				"east": {"uv": [8.75, 5.5, 9.5, 6.125], "texture": "#0"},
				"south": {"uv": [0, 0, 0, 0.625], "texture": "#0"},
				"west": {"uv": [6.375, 9, 7.125, 9.625], "texture": "#0"},
				"up": {"uv": [0, 0.75, 0, 0], "texture": "#0"},
				"down": {"uv": [0, 0, 0, 0.75], "texture": "#0"}
			}
		},
		{
			"from": [-1, 3, 6.75],
			"to": [11, 9, 12.75],
			"rotation": {"angle": 0, "axis": "y", "origin": [9, 8, 11.75]},
			"faces": {
				"north": {"uv": [4.25, 0.875, 5.75, 1.625], "texture": "#0"},
				"east": {"uv": [8.5, 6.375, 9.25, 7.125], "texture": "#0"},
				"south": {"uv": [4.25, 1.625, 5.75, 2.375], "texture": "#0"},
				"west": {"uv": [8.5, 7.125, 9.25, 7.875], "texture": "#0"},
				"up": {"uv": [5.75, 3.125, 4.25, 2.375], "texture": "#0"},
				"down": {"uv": [1.5, 4.625, 0, 5.375], "texture": "#0"}
			}
		},
		{
			"from": [-1, 9, 12.75],
			"to": [11, 9, 17.75],
			"rotation": {"angle": 22.5, "axis": "x", "origin": [5, 9, 12.75]},
			"faces": {
				"west": {"uv": [0, 0, 0.625, 0], "texture": "#0"},
				"up": {"uv": [2.625, 7, 1.125, 6.375], "texture": "#0"},
				"down": {"uv": [1.125, 7, 2.625, 6.375], "rotation": 180, "texture": "#0"}
			}
		},
		{
			"from": [-1, 9, 12.75],
			"to": [11, 9, 17.75],
			"rotation": {"angle": 45, "axis": "x", "origin": [5, 9, 12.75]},
			"faces": {
				"up": {"uv": [8, 7.125, 6.5, 6.5], "texture": "#0"},
				"down": {"uv": [6.5, 7.125, 8, 6.5], "rotation": 180, "texture": "#0"}
			}
		},
		{
			"from": [-1, 2, 12.75],
			"to": [11, 9, 12.75],
			"rotation": {"angle": -22.5, "axis": "x", "origin": [5, 9, 12.75]},
			"faces": {
				"north": {"uv": [5.75, 0, 4.25, 0.875], "texture": "#0"},
				"south": {"uv": [4.25, 0, 5.75, 0.875], "texture": "#0"}
			}
		},
		{
			"from": [-1, 1, 12.75],
			"to": [11, 7, 12.75],
			"rotation": {"angle": -22.5, "axis": "x", "origin": [5, 7, 12.75]},
			"faces": {
				"north": {"uv": [4.5, 4.625, 3, 5.375], "texture": "#0"},
				"south": {"uv": [3, 4.625, 4.5, 5.375], "texture": "#0"}
			}
		},
		{
			"from": [-1, -1, 12.75],
			"to": [11, 4, 12.75],
			"rotation": {"angle": -22.5, "axis": "x", "origin": [5, 4, 12.75]},
			"faces": {
				"north": {"uv": [8, 5.375, 6.5, 6], "texture": "#0"},
				"south": {"uv": [6.5, 5.375, 8, 6], "texture": "#0"}
			}
		},
		{
			"from": [-1, 3, 4.75],
			"to": [3, 9, 6.75],
			"rotation": {"angle": 0, "axis": "y", "origin": [1, 8, 11.75]},
			"faces": {
				"north": {"uv": [5, 5.75, 5.5, 6.5], "texture": "#0"},
				"east": {"uv": [9.75, 6, 10, 6.75], "texture": "#0"},
				"south": {"uv": [9.25, 6.125, 9.75, 6.875], "texture": "#0"},
				"west": {"uv": [9.75, 6.75, 10, 7.5], "texture": "#0"},
				"up": {"uv": [6.25, 3.125, 5.75, 2.875], "texture": "#0"},
				"down": {"uv": [8.125, 2.25, 7.625, 2.5], "texture": "#0"}
			}
		},
		{
			"from": [7, 3, 4.75],
			"to": [11, 9, 6.75],
			"rotation": {"angle": 0, "axis": "y", "origin": [9, 8, 11.75]},
			"faces": {
				"north": {"uv": [5.5, 5.75, 5, 6.5], "texture": "#0"},
				"east": {"uv": [10, 6.75, 9.75, 7.5], "texture": "#0"},
				"south": {"uv": [9.75, 6.125, 9.25, 6.875], "texture": "#0"},
				"west": {"uv": [10, 6, 9.75, 6.75], "texture": "#0"},
				"up": {"uv": [5.75, 3.125, 6.25, 2.875], "texture": "#0"},
				"down": {"uv": [7.625, 2.25, 8.125, 2.5], "texture": "#0"}
			}
		},
		{
			"from": [9, 1, 5.15],
			"to": [15, 9, 5.15],
			"rotation": {"angle": 0, "axis": "y", "origin": [13, 8, 12.15]},
			"faces": {
				"north": {"uv": [7.625, 1.5, 6.875, 2.5], "texture": "#0"},
				"south": {"uv": [6.875, 1.5, 7.625, 2.5], "texture": "#0"}
			}
		},
		{
			"from": [-5, 1, 5.15],
			"to": [1, 9, 5.15],
			"rotation": {"angle": 0, "axis": "y", "origin": [-3, 8, 12.15]},
			"faces": {
				"north": {"uv": [6.875, 1.5, 7.625, 2.5], "texture": "#0"},
				"south": {"uv": [7.625, 1.5, 6.875, 2.5], "texture": "#0"}
			}
		},
		{
			"from": [9, 1, 11.775],
			"to": [15, 9, 11.775],
			"rotation": {"angle": 0, "axis": "y", "origin": [13, 8, 4.775]},
			"faces": {
				"north": {"uv": [7.625, 1.5, 6.875, 2.5], "texture": "#0"},
				"south": {"uv": [6.875, 1.5, 7.625, 2.5], "texture": "#0"}
			}
		},
		{
			"from": [-5, 1, 11.775],
			"to": [1, 9, 11.775],
			"rotation": {"angle": 0, "axis": "y", "origin": [-3, 8, 4.775]},
			"faces": {
				"north": {"uv": [6.875, 1.5, 7.625, 2.5], "texture": "#0"},
				"south": {"uv": [7.625, 1.5, 6.875, 2.5], "texture": "#0"}
			}
		},
		{
			"from": [1, 1, 11.775],
			"to": [7, 9, 11.775],
			"rotation": {"angle": 0, "axis": "y", "origin": [3, 8, 4.775]},
			"faces": {
				"north": {"uv": [6.875, 1.5, 7.625, 2.5], "texture": "#0"},
				"east": {"uv": [0, 0, 0, 1], "texture": "#0"},
				"south": {"uv": [7.625, 1.5, 6.875, 2.5], "texture": "#0"},
				"west": {"uv": [0, 0, 0, 1], "texture": "#0"},
				"up": {"uv": [0.75, 0, 0, 0], "texture": "#0"},
				"down": {"uv": [0.75, 0, 0, 0], "texture": "#0"}
			}
		},
		{
			"from": [11, 9, 4.75],
			"to": [13, 9, 11.75],
			"rotation": {"angle": 0, "axis": "y", "origin": [9, 8, 11.75]},
			"faces": {
				"north": {"uv": [0.25, 0, 0, 0], "texture": "#0"},
				"east": {"uv": [0.875, 0, 0, 0], "texture": "#0"},
				"south": {"uv": [0.25, 0, 0, 0], "texture": "#0"},
				"west": {"uv": [0.875, 0, 0, 0], "texture": "#0"},
				"up": {"uv": [1.5, 10.625, 1.75, 9.75], "texture": "#0"},
				"down": {"uv": [1.75, 9.75, 2, 10.625], "texture": "#0"}
			}
		},
		{
			"from": [-3, 9, 4.75],
			"to": [-1, 9, 11.75],
			"rotation": {"angle": 0, "axis": "y", "origin": [7, 8, 11.75]},
			"faces": {
				"north": {"uv": [0, 0, 0.25, 0], "texture": "#0"},
				"east": {"uv": [0, 0, 0.875, 0], "texture": "#0"},
				"south": {"uv": [0, 0, 0.25, 0], "texture": "#0"},
				"west": {"uv": [0, 0, 0.875, 0], "texture": "#0"},
				"up": {"uv": [1.75, 10.625, 1.5, 9.75], "texture": "#0"},
				"down": {"uv": [2, 9.75, 1.75, 10.625], "texture": "#0"}
			}
		},
		{
			"from": [3, 9, 4.75],
			"to": [5, 9, 11.75],
			"rotation": {"angle": 0, "axis": "y", "origin": [7, 8, 11.75]},
			"faces": {
				"north": {"uv": [0, 0, 0.25, 0], "texture": "#0"},
				"east": {"uv": [0, 0, 0.875, 0], "texture": "#0"},
				"south": {"uv": [0, 0, 0.25, 0], "texture": "#0"},
				"west": {"uv": [0, 0, 0.875, 0], "texture": "#0"},
				"up": {"uv": [1.75, 10.625, 1.5, 9.75], "texture": "#0"},
				"down": {"uv": [2, 9.75, 1.75, 10.625], "texture": "#0"}
			}
		},
		{
			"from": [13.44664, 9.00195, 4.75],
			"to": [15.44664, 9.00195, 11.75],
			"rotation": {"angle": 22.5, "axis": "z", "origin": [14.94664, 9.00195, 8.25]},
			"faces": {
				"up": {"uv": [3.875, 10.625, 4.125, 9.75], "texture": "#0"},
				"down": {"uv": [4.125, 10.625, 3.875, 9.75], "rotation": 180, "texture": "#0"}
			}
		},
		{
			"from": [-5.44664, 9.00195, 4.75],
			"to": [-3.44664, 9.00195, 11.75],
			"rotation": {"angle": -22.5, "axis": "z", "origin": [-4.94664, 9.00195, 8.25]},
			"faces": {
				"up": {"uv": [4.125, 10.625, 3.875, 9.75], "texture": "#0"},
				"down": {"uv": [3.875, 10.625, 4.125, 9.75], "rotation": 180, "texture": "#0"}
			}
		},
		{
			"from": [13.94664, 4.35195, 4.75],
			"to": [15.94664, 4.35195, 11.75],
			"rotation": {"angle": 22.5, "axis": "z", "origin": [14.94664, 4.35195, 8.25]},
			"faces": {
				"up": {"uv": [9.75, 0.875, 10, 0], "texture": "#0"},
				"down": {"uv": [9.75, 3.875, 10, 4.75], "texture": "#0"}
			}
		},
		{
			"from": [-5.94664, 4.35195, 4.75],
			"to": [-3.94664, 4.35195, 11.75],
			"rotation": {"angle": -22.5, "axis": "z", "origin": [-4.94664, 4.35195, 8.25]},
			"faces": {
				"up": {"uv": [10, 0.875, 9.75, 0], "texture": "#0"},
				"down": {"uv": [10, 3.875, 9.75, 4.75], "texture": "#0"}
			}
		},
		{
			"from": [12.12388, 9.44232, 4.75],
			"to": [14.12388, 9.44232, 11.75],
			"rotation": {"angle": 22.5, "axis": "z", "origin": [13.12388, 9.44232, 8.25]},
			"faces": {
				"up": {"uv": [2.375, 10.625, 2.625, 9.75], "texture": "#0"},
				"down": {"uv": [2.625, 10.625, 2.375, 9.75], "rotation": 180, "texture": "#0"}
			}
		},
		{
			"from": [-4.12388, 9.44232, 4.75],
			"to": [-2.12388, 9.44232, 11.75],
			"rotation": {"angle": -22.5, "axis": "z", "origin": [-3.12388, 9.44232, 8.25]},
			"faces": {
				"up": {"uv": [2.625, 10.625, 2.375, 9.75], "texture": "#0"},
				"down": {"uv": [2.375, 10.625, 2.625, 9.75], "rotation": 180, "texture": "#0"}
			}
		},
		{
			"from": [1.87612, 9.44232, 4.75],
			"to": [3.87612, 9.44232, 11.75],
			"rotation": {"angle": -22.5, "axis": "z", "origin": [2.87612, 9.44232, 8.25]},
			"faces": {
				"north": {"uv": [0, 0, 0.25, 0], "texture": "#0"},
				"east": {"uv": [0, 0, 0.875, 0], "texture": "#0"},
				"south": {"uv": [0, 0, 0.25, 0], "texture": "#0"},
				"west": {"uv": [0, 0, 0.875, 0], "texture": "#0"},
				"up": {"uv": [2.625, 10.625, 2.375, 9.75], "texture": "#0"},
				"down": {"uv": [2.375, 10.625, 2.625, 9.75], "rotation": 180, "texture": "#0"}
			}
		},
		{
			"from": [11.99888, 9.04232, 4.75],
			"to": [11.99888, 10.04232, 11.75],
			"rotation": {"angle": -45, "axis": "z", "origin": [11.99888, 9.04232, 8.25]},
			"faces": {
				"up": {"uv": [0, 0.875, 0, 0], "texture": "#0"},
				"down": {"uv": [0, 0, 0, 0.875], "texture": "#0"}
			}
		},
		{
			"from": [4.00112, 9.04232, 4.75],
			"to": [4.00112, 10.04232, 11.75],
			"rotation": {"angle": 45, "axis": "z", "origin": [4.00112, 9.04232, 8.25]},
			"faces": {
				"north": {"uv": [0, 0, 0, 0.125], "texture": "#0"},
				"east": {"uv": [5.625, 4.125, 6.5, 4.25], "texture": "#0"},
				"south": {"uv": [0, 0, 0, 0.125], "texture": "#0"},
				"west": {"uv": [6.5, 4.125, 5.625, 4.25], "texture": "#0"},
				"up": {"uv": [0, 0.875, 0, 0], "texture": "#0"},
				"down": {"uv": [0, 0, 0, 0.875], "texture": "#0"}
			}
		},
		{
			"from": [13, 9, 4.75],
			"to": [16, 9, 11.75],
			"rotation": {"angle": -45, "axis": "z", "origin": [13, 9, 8.25]},
			"faces": {
				"north": {"uv": [0.375, 0, 0, 0], "texture": "#0"},
				"east": {"uv": [0.875, 0, 0, 0], "texture": "#0"},
				"west": {"uv": [0.875, 0, 0, 0], "texture": "#0"},
				"up": {"uv": [1.5, 4.625, 1.875, 3.75], "texture": "#0"},
				"down": {"uv": [1.875, 4.625, 1.5, 3.75], "rotation": 180, "texture": "#0"}
			}
		},
		{
			"from": [-6, 9, 4.75],
			"to": [-3, 9, 11.75],
			"rotation": {"angle": 45, "axis": "z", "origin": [-3, 9, 8.25]},
			"faces": {
				"north": {"uv": [0, 0, 0.375, 0], "texture": "#0"},
				"east": {"uv": [0, 0, 0.875, 0], "texture": "#0"},
				"west": {"uv": [0, 0, 0.875, 0], "texture": "#0"},
				"up": {"uv": [1.875, 4.625, 1.5, 3.75], "texture": "#0"},
				"down": {"uv": [1.5, 4.625, 1.875, 3.75], "rotation": 180, "texture": "#0"}
			}
		},
		{
			"from": [0, 9, 4.75],
			"to": [3, 9, 11.75],
			"rotation": {"angle": 45, "axis": "z", "origin": [3, 9, 8.25]},
			"faces": {
				"north": {"uv": [0, 0, 0.375, 0], "texture": "#0"},
				"east": {"uv": [0, 0, 0.875, 0], "texture": "#0"},
				"south": {"uv": [0, 0, 0.375, 0], "texture": "#0"},
				"west": {"uv": [0, 0, 0.875, 0], "texture": "#0"},
				"up": {"uv": [1.875, 4.625, 1.5, 3.75], "texture": "#0"},
				"down": {"uv": [1.5, 4.625, 1.875, 3.75], "rotation": 180, "texture": "#0"}
			}
		},
		{
			"from": [13.76537, 5.15224, 4.75],
			"to": [13.76537, 9.15224, 11.75],
			"rotation": {"angle": 22.5, "axis": "z", "origin": [13.76537, 7.15224, 8.25]},
			"faces": {
				"north": {"uv": [0, 0, 0, 0.5], "texture": "#0"},
				"east": {"uv": [8, 9.125, 7.125, 9.625], "texture": "#0"},
				"west": {"uv": [8, 9.125, 7.125, 9.625], "texture": "#0"}
			}
		},
		{
			"from": [-3.76537, 5.15224, 4.75],
			"to": [-3.76537, 9.15224, 11.75],
			"rotation": {"angle": -22.5, "axis": "z", "origin": [-3.76537, 7.15224, 8.25]},
			"faces": {
				"north": {"uv": [0, 0, 0, 0.5], "texture": "#0"},
				"east": {"uv": [7.125, 9.125, 8, 9.625], "texture": "#0"},
				"west": {"uv": [7.125, 9.125, 8, 9.625], "texture": "#0"}
			}
		},
		{
			"from": [2.23463, 5.15224, 4.75],
			"to": [2.23463, 9.15224, 11.75],
			"rotation": {"angle": -22.5, "axis": "z", "origin": [2.23463, 7.15224, 8.25]},
			"faces": {
				"north": {"uv": [0, 0, 0, 0.5], "texture": "#0"},
				"east": {"uv": [7.125, 9.125, 8, 9.625], "texture": "#0"},
				"south": {"uv": [0, 0, 0, 0.5], "texture": "#0"},
				"west": {"uv": [7.125, 9.125, 8, 9.625], "texture": "#0"},
				"up": {"uv": [0, 0.875, 0, 0], "texture": "#0"},
				"down": {"uv": [0, 0, 0, 0.875], "texture": "#0"}
			}
		},
		{
			"from": [13.76537, 2.65224, 4.75],
			"to": [13.76537, 6.65224, 11.75],
			"rotation": {"angle": 22.5, "axis": "z", "origin": [13.76537, 4.65224, 8.25]},
			"faces": {
				"north": {"uv": [0, 0, 0, 0.5], "texture": "#0"},
				"east": {"uv": [10, 1.25, 9.125, 1.75], "texture": "#0"},
				"west": {"uv": [9.125, 1.25, 10, 1.75], "texture": "#0"}
			}
		},
		{
			"from": [-3.76537, 2.65224, 4.75],
			"to": [-3.76537, 6.65224, 11.75],
			"rotation": {"angle": -22.5, "axis": "z", "origin": [-3.76537, 4.65224, 8.25]},
			"faces": {
				"north": {"uv": [0, 0, 0, 0.5], "texture": "#0"},
				"east": {"uv": [10, 1.25, 9.125, 1.75], "texture": "#0"},
				"west": {"uv": [9.125, 1.25, 10, 1.75], "texture": "#0"}
			}
		},
		{
			"from": [2.23463, 2.65224, 4.75],
			"to": [2.23463, 6.65224, 11.75],
			"rotation": {"angle": -22.5, "axis": "z", "origin": [2.23463, 4.65224, 8.25]},
			"faces": {
				"north": {"uv": [0, 0, 0, 0.5], "texture": "#0"},
				"east": {"uv": [10, 1.25, 9.125, 1.75], "texture": "#0"},
				"south": {"uv": [0, 0, 0, 0.5], "texture": "#0"},
				"west": {"uv": [9.125, 1.25, 10, 1.75], "texture": "#0"},
				"up": {"uv": [0, 0.875, 0, 0], "texture": "#0"},
				"down": {"uv": [0, 0, 0, 0.875], "texture": "#0"}
			}
		},
		{
			"from": [3, 3, 4.75],
			"to": [7, 9, 4.75],
			"rotation": {"angle": 0, "axis": "y", "origin": [5, 8, 11.75]},
			"faces": {
				"north": {"uv": [9.25, 6.875, 9.75, 7.625], "texture": "#0"},
				"south": {"uv": [9.375, 2.25, 9.875, 3], "texture": "#0"}
			}
		},
		{
			"from": [1, 0, 5.75],
			"to": [9, 8, 5.75],
			"rotation": {"angle": 0, "axis": "y", "origin": [5, 5, 11.75]},
			"faces": {
				"north": {"uv": [5.625, 3.125, 6.625, 4.125], "texture": "#0"},
				"east": {"uv": [0, 0, 0, 1], "texture": "#0"},
				"south": {"uv": [4, 5.75, 5, 6.75], "texture": "#0"},
				"west": {"uv": [0, 0, 0, 1], "texture": "#0"},
				"up": {"uv": [1, 0, 0, 0], "texture": "#0"},
				"down": {"uv": [1, 0, 0, 0], "texture": "#0"}
			}
		},
		{
			"from": [3.5, -1, 4.75],
			"to": [6.5, 2, 5.75],
			"rotation": {"angle": 0, "axis": "y", "origin": [5.5, 5, 11.75]},
			"faces": {
				"north": {"uv": [9.25, 0.875, 9.625, 1.25], "texture": "#0"},
				"east": {"uv": [9.25, 9.625, 9.375, 10], "texture": "#0"},
				"south": {"uv": [9.625, 0.875, 10, 1.25], "texture": "#0"},
				"west": {"uv": [2.875, 9.75, 3, 10.125], "texture": "#0"},
				"up": {"uv": [10.375, 6.375, 10, 6.25], "texture": "#0"},
				"down": {"uv": [10.375, 6.375, 10, 6.5], "texture": "#0"}
			}
		},
		{
			"from": [5, -16, 6],
			"to": [9, -4, 10],
			"rotation": {"angle": 0, "axis": "y", "origin": [9, -4, 12]},
			"faces": {
				"north": {"uv": [4.375, 6.75, 4.875, 8.25], "texture": "#0"},
				"east": {"uv": [6.75, 0, 7.25, 1.5], "texture": "#0"},
				"south": {"uv": [1.125, 7, 1.625, 8.5], "texture": "#0"},
				"west": {"uv": [1.625, 7, 2.125, 8.5], "texture": "#0"},
				"up": {"uv": [5.375, 10.125, 4.875, 9.625], "texture": "#0"},
				"down": {"uv": [6.375, 9.625, 5.875, 10.125], "texture": "#0"}
			}
		},
		{
			"from": [1, -16, 6],
			"to": [5, -4, 10],
			"rotation": {"angle": 0, "axis": "y", "origin": [5, -4, 12]},
			"faces": {
				"north": {"uv": [2.125, 7, 2.625, 8.5], "texture": "#0"},
				"east": {"uv": [4.875, 7.125, 5.375, 8.625], "texture": "#0"},
				"south": {"uv": [5.375, 7.125, 5.875, 8.625], "texture": "#0"},
				"west": {"uv": [5.875, 7.125, 6.375, 8.625], "texture": "#0"},
				"up": {"uv": [6.875, 10.125, 6.375, 9.625], "texture": "#0"},
				"down": {"uv": [7.375, 9.625, 6.875, 10.125], "texture": "#0"}
			}
		},
		{
			"from": [-3, 0, 6],
			"to": [1, 8, 10],
			"rotation": {"angle": 0, "axis": "y", "origin": [1, 8, 12]},
			"faces": {
				"north": {"uv": [3, 8.625, 3.5, 9.625], "texture": "#0"},
				"east": {"uv": [5.875, 8.625, 6.375, 9.625], "texture": "#0"},
				"south": {"uv": [8.625, 1.25, 9.125, 2.25], "texture": "#0"},
				"west": {"uv": [0, 8.75, 0.5, 9.75], "texture": "#0"},
				"up": {"uv": [7.875, 10.125, 7.375, 9.625], "texture": "#0"},
				"down": {"uv": [9, 9.625, 8.5, 10.125], "texture": "#0"}
			}
		},
		{
			"from": [9, 0, 6],
			"to": [13, 8, 10],
			"rotation": {"angle": 0, "axis": "y", "origin": [9, 8, 12]},
			"faces": {
				"north": {"uv": [3.5, 8.625, 3, 9.625], "texture": "#0"},
				"east": {"uv": [0.5, 8.75, 0, 9.75], "texture": "#0"},
				"south": {"uv": [9.125, 1.25, 8.625, 2.25], "texture": "#0"},
				"west": {"uv": [6.375, 8.625, 5.875, 9.625], "texture": "#0"},
				"up": {"uv": [7.375, 10.125, 7.875, 9.625], "texture": "#0"},
				"down": {"uv": [8.5, 9.625, 9, 10.125], "texture": "#0"}
			}
		},
		{
			"from": [-3, 0, -1],
			"to": [1, 4, 6],
			"rotation": {"angle": 0, "axis": "x", "origin": [-1, 2, 2]},
			"faces": {
				"north": {"uv": [9.625, 9.125, 10.125, 9.625], "texture": "#0"},
				"east": {"uv": [9.125, 1.75, 10, 2.25], "texture": "#0"},
				"south": {"uv": [0, 9.75, 0.5, 10.25], "texture": "#0"},
				"west": {"uv": [3.5, 9.25, 4.375, 9.75], "texture": "#0"},
				"up": {"uv": [4.875, 10.125, 4.375, 9.25], "texture": "#0"},
				"down": {"uv": [9.75, 0, 9.25, 0.875], "texture": "#0"}
			}
		},
		{
			"from": [11.38895, -0.01, 2.21536],
			"to": [15.40895, 4.01, 9.23536],
			"rotation": {"angle": -22.5, "axis": "y", "origin": [12.25228, 3.2979, 3.5825]},
			"faces": {
				"north": {"uv": [10.125, 9.125, 9.625, 9.625], "texture": "#0"},
				"east": {"uv": [4.375, 9.25, 3.5, 9.75], "texture": "#0"},
				"south": {"uv": [0.5, 9.75, 0, 10.25], "texture": "#0"},
				"west": {"uv": [10, 1.75, 9.125, 2.25], "texture": "#0"},
				"up": {"uv": [4.375, 10.125, 4.875, 9.25], "texture": "#0"},
				"down": {"uv": [9.25, 0, 9.75, 0.875], "texture": "#0"}
			}
		},
		{
			"from": [6.39895, -5.8, 3.22536],
			"to": [21.39895, 9.2, 3.23536],
			"rotation": {"angle": -22.5, "axis": "y", "origin": [12.25228, 3.2979, 3.5825]},
			"faces": {
				"north": {"uv": [0, 0, 1.875, 1.875], "rotation": 270, "texture": "#0"},
				"south": {"uv": [0, 1.875, 1.875, 0], "rotation": 270, "texture": "#0"}
			}
		},
		{
			"from": [19.39895, -0.8, 3.22536],
			"to": [31.39895, 5.2, 3.22536],
			"rotation": {"angle": -22.5, "axis": "y", "origin": [12.25228, 3.2979, 3.5825]},
			"faces": {
				"north": {"uv": [10.87463, 0, 11.62413, 1.49963], "rotation": 270, "texture": "#0"},
				"south": {"uv": [10.87463, 1.49963, 11.62413, 0], "rotation": 270, "texture": "#0"}
			}
		},
		{
			"from": [-4.60105, -0.8, 3.22536],
			"to": [7.39895, 5.2, 3.22536],
			"rotation": {"angle": -22.5, "axis": "y", "origin": [12.25228, 3.2979, 3.5825]},
			"faces": {
				"north": {"uv": [10.87463, 1.49963, 11.62413, 0], "rotation": 270, "texture": "#0"},
				"south": {"uv": [10.87463, 0, 11.62413, 1.49963], "rotation": 270, "texture": "#0"}
			}
		},
		{
			"from": [10.39895, 8.2, 3.22536],
			"to": [16.39895, 20.2, 3.22536],
			"rotation": {"angle": -22.5, "axis": "y", "origin": [12.25228, 3.2979, 3.5825]},
			"faces": {
				"north": {"uv": [10.87463, 0, 11.62413, 1.49963], "texture": "#0"},
				"south": {"uv": [10.87463, 1.49963, 11.62413, 0], "rotation": 180, "texture": "#0"}
			}
		},
		{
			"from": [10.39895, -15.8, 3.22536],
			"to": [16.39895, -3.8, 3.22536],
			"rotation": {"angle": -22.5, "axis": "y", "origin": [12.25228, 3.2979, 3.5825]},
			"faces": {
				"north": {"uv": [10.87463, 1.49963, 11.62413, 0], "texture": "#0"},
				"south": {"uv": [10.87463, 0, 11.62413, 1.49963], "rotation": 180, "texture": "#0"}
			}
		},
		{
			"from": [-2, -2, -0.25],
			"to": [0, 6, 1.75],
			"rotation": {"angle": 0, "axis": "x", "origin": [-2, 2, 2.75]},
			"faces": {
				"north": {"uv": [5.375, 9.625, 5.625, 10.625], "texture": "#0"},
				"east": {"uv": [5.375, 9.625, 5.625, 10.625], "texture": "#0"},
				"south": {"uv": [5.375, 9.625, 5.625, 10.625], "texture": "#0"},
				"west": {"uv": [5.375, 9.625, 5.625, 10.625], "texture": "#0"},
				"up": {"uv": [5.375, 9.625, 5.625, 9.875], "texture": "#0"},
				"down": {"uv": [5.375, 9.625, 5.625, 9.875], "texture": "#0"}
			}
		},
		{
			"from": [-1.54, -14.04, 0.21],
			"to": [-0.46, 11.04, 1.29],
			"rotation": {"angle": 0, "axis": "x", "origin": [-2.5, 2, 3.25]},
			"faces": {
				"north": {"uv": [5.75, 9.125, 5.875, 12.25], "texture": "#0"},
				"east": {"uv": [5.75, 9.125, 5.875, 12.25], "texture": "#0"},
				"south": {"uv": [5.75, 9.125, 5.875, 12.25], "texture": "#0"},
				"west": {"uv": [5.75, 9.125, 5.875, 12.25], "texture": "#0"},
				"up": {"uv": [8.125, 7.125, 8, 7], "texture": "#0"},
				"down": {"uv": [2.625, 8.5, 2.5, 8.625], "texture": "#0"}
			}
		},
		{
			"from": [-4.5391, 10.80343, 0.25],
			"to": [-0.5391, 11.80343, 1.25],
			"rotation": {"angle": -22.5, "axis": "z", "origin": [-2.5391, 11.30343, 0.75]},
			"faces": {
				"north": {"uv": [10, 4.5, 10.5, 4.625], "texture": "#0"},
				"east": {"uv": [10, 4.5, 10.5, 4.625], "texture": "#0"},
				"south": {"uv": [10, 4.5, 10.5, 4.625], "texture": "#0"},
				"west": {"uv": [10, 4.5, 10.125, 4.625], "texture": "#0"},
				"up": {"uv": [10, 4.5, 10.5, 4.625], "texture": "#0"},
				"down": {"uv": [10, 4.5, 10.5, 4.625], "texture": "#0"}
			}
		},
		{
			"from": [-2.5391, 11.80343, 0.25],
			"to": [-1.5391, 12.80343, 1.25],
			"rotation": {"angle": -22.5, "axis": "z", "origin": [-2.5391, 11.30343, 0.75]},
			"faces": {
				"north": {"uv": [5.25, 10.125, 5.375, 10.25], "texture": "#0"},
				"east": {"uv": [5.25, 10.125, 5.375, 10.25], "texture": "#0"},
				"south": {"uv": [5.25, 10.125, 5.375, 10.25], "texture": "#0"},
				"west": {"uv": [5.25, 10.125, 5.375, 10.25], "texture": "#0"},
				"up": {"uv": [5.25, 10.125, 5.375, 10.25], "texture": "#0"},
				"down": {"uv": [5.25, 10.125, 5.375, 10.25], "texture": "#0"}
			}
		},
		{
			"from": [-3.85089, 12.26327, 0.25],
			"to": [-2.85089, 15.26327, 1.25],
			"rotation": {"angle": -22.5, "axis": "z", "origin": [-3.35089, 13.26327, 0.75]},
			"faces": {
				"north": {"uv": [3.875, 6.375, 4, 6.75], "texture": "#0"},
				"east": {"uv": [3.875, 6.375, 4, 6.75], "texture": "#0"},
				"south": {"uv": [3.875, 6.375, 4, 6.75], "texture": "#0"},
				"west": {"uv": [3.875, 6.375, 4, 6.75], "texture": "#0"},
				"up": {"uv": [3.875, 6.375, 4, 6.5], "texture": "#0"},
				"down": {"uv": [3.875, 6.375, 4, 6.75], "texture": "#0"}
			}
		},
		{
			"from": [-5.41275, 11.28207, 0.7],
			"to": [-4.41275, 14.28207, 0.7],
			"rotation": {"angle": 22.5, "axis": "z", "origin": [-7.23775, 14.33207, 1.25]},
			"faces": {
				"north": {"uv": [5.625, 9.625, 5.75, 10], "texture": "#0"},
				"south": {"uv": [5.625, 9.625, 5.75, 10], "texture": "#0"}
			}
		},
		{
			"from": [0.38775, 11.23207, 1.125],
			"to": [3.38775, 12.23207, 1.125],
			"rotation": {"angle": 22.5, "axis": "z", "origin": [3.43775, 12.05707, 0.575]},
			"faces": {
				"north": {"uv": [4.25, 3.125, 4.625, 3.25], "texture": "#0"},
				"south": {"uv": [4.25, 3.125, 4.625, 3.25], "texture": "#0"}
			}
		},
		{
			"from": [-0.55904, 7.36948, 0.23],
			"to": [0.46096, 9.38948, 1.25],
			"rotation": {"angle": -45, "axis": "z", "origin": [-0.04904, 8.87948, 0.74]},
			"faces": {
				"north": {"uv": [6.5, 2.875, 6.625, 3.125], "texture": "#0"},
				"east": {"uv": [8.5, 1.25, 8.625, 1.5], "texture": "#0"},
				"south": {"uv": [9.5, 7.625, 9.625, 7.875], "texture": "#0"},
				"west": {"uv": [8.375, 9.875, 8.5, 10.125], "texture": "#0"},
				"up": {"uv": [9.875, 5.25, 9.75, 5.125], "texture": "#0"},
				"down": {"uv": [4.75, 10.125, 4.625, 10.25], "texture": "#0"}
			}
		},
		{
			"from": [0.53762, 9.30126, 0.24],
			"to": [1.53762, 14.30126, 1.24],
			"rotation": {"angle": -22.5, "axis": "z", "origin": [0.03762, 11.30126, 0.74]},
			"faces": {
				"north": {"uv": [1, 7.25, 1.125, 7.875], "texture": "#0"},
				"east": {"uv": [1, 7.25, 1.125, 7.875], "texture": "#0"},
				"south": {"uv": [1, 7.25, 1.125, 7.875], "texture": "#0"},
				"west": {"uv": [1, 7.25, 1.125, 7.875], "texture": "#0"},
				"up": {"uv": [1, 7.25, 1.125, 7.375], "texture": "#0"},
				"down": {"uv": [1, 7.25, 1.125, 7.875], "texture": "#0"}
			}
		},
		{
			"from": [-1.46238, 12.30126, 0.24],
			"to": [0.53762, 13.30126, 1.24],
			"rotation": {"angle": -22.5, "axis": "z", "origin": [0.03762, 11.30126, 0.74]},
			"faces": {
				"north": {"uv": [9.5, 3.875, 9.75, 4], "texture": "#0"},
				"east": {"uv": [9.5, 3.875, 9.75, 4], "texture": "#0"},
				"south": {"uv": [9.5, 3.875, 9.75, 4], "texture": "#0"},
				"west": {"uv": [9.5, 3.875, 9.75, 4], "texture": "#0"},
				"up": {"uv": [9.5, 3.875, 9.75, 4], "texture": "#0"},
				"down": {"uv": [9.5, 3.875, 9.75, 4], "texture": "#0"}
			}
		},
		{
			"from": [-2.35, 12.55, -1],
			"to": [0.65, 15.55, 2],
			"rotation": {"angle": 22.5, "axis": "z", "origin": [-0.85, 14.05, 0.5]},
			"faces": {
				"north": {"uv": [5.125, 4.25, 5.5, 4.625], "texture": "#0"},
				"east": {"uv": [5.125, 4.25, 5.5, 4.625], "texture": "#0"},
				"south": {"uv": [5.125, 4.25, 5.5, 4.625], "texture": "#0"},
				"west": {"uv": [5.125, 4.25, 5.5, 4.625], "texture": "#0"},
				"up": {"uv": [5.125, 4.25, 5.5, 4.625], "texture": "#0"},
				"down": {"uv": [5.125, 4.25, 5.5, 4.625], "texture": "#0"}
			}
		}
	],
	"display": {
		"head": {
			"translation": [4.5, -7.25, 0],
			"scale": [1.5, 1.5, 1.5]
		}
	}
}
