{
	"credit": "Made with Blockbench",
	"textures": {
		"0": "blocks/box",
		"particle": "blocks/box"
	},
	"elements": [
		{
			"from": [0.704, 0, 0.704],
			"to": [15.296, 14.592, 15.296],
			"rotation": {"angle": 0, "axis": "y", "origin": [-6.592, 0, -8.416]},
			"faces": {
				"north": {"uv": [0, 0, 2, 2], "texture": "#0"},
				"east": {"uv": [4, 0, 6, 2], "texture": "#0"},
				"south": {"uv": [2, 2, 4, 4], "texture": "#0"},
				"west": {"uv": [0, 2, 2, 4], "texture": "#0"},
				"up": {"uv": [2, 0, 4, 2], "texture": "#0"},
				"down": {"uv": [4, 2, 6, 4], "texture": "#0"}
			}
		}
	],
	"display": {
		"gui": {
			"rotation": [11.75, -161.75, 1.25],
			"translation": [0.25, 0.5, 0],
			"scale": [0.7, 0.7, 0.7]
		}
	}
}
