{
	"credit": "Made with Blockbench",
	"texture_size": [32, 32],
	"textures": {
		"0": "blocks/candy/Horns",
		"1": "blocks/candy/Wings",
		"2": "blocks/candy/Dragon",
		"3": "blocks/candy/Paws and tail",
		"4": "blocks/candy/lollipop",
		"particle": "blocks/candy/Horns"
	},
	"elements": [
		{
			"name": "Head",
			"from": [-0.52809, 8.0567, 2.89675],
			"to": [9.6784, 18.2632, 13.10325],
			"rotation": {"angle": 0, "axis": "y", "origin": [26.68923, 35.27402, 30.11407]},
			"faces": {
				"north": {"uv": [3.5, 0, 7, 3.5], "texture": "#2"},
				"east": {"uv": [12, 0, 15.5, 3.5], "texture": "#2"},
				"south": {"uv": [7, 0, 10.5, 3.5], "texture": "#2"},
				"west": {"uv": [0, 0, 3.5, 3.5], "texture": "#2"},
				"up": {"uv": [0, 3.5, 3.5, 7], "texture": "#2"},
				"down": {"uv": [12, 5, 15.5, 8.5], "texture": "#2"}
			}
		},
		{
			"name": "Body",
			"from": [12.05992, 6.52573, 3.74729],
			"to": [19.71479, 20.98493, 12.25271],
			"rotation": {"angle": 22.5, "axis": "z", "origin": [38.4267, -6.23239, 30.11407]},
			"faces": {
				"north": {"uv": [0, 11.5, 5, 14.5], "rotation": 270, "texture": "#2"},
				"east": {"uv": [5, 11.5, 10, 14.5], "rotation": 90, "texture": "#2"},
				"south": {"uv": [5, 8.5, 10, 11.5], "rotation": 90, "texture": "#2"},
				"west": {"uv": [0, 8.5, 5, 11.5], "rotation": 90, "texture": "#2"},
				"up": {"uv": [0, 8.5, 1.5, 11.5], "rotation": 90, "texture": "#2"},
				"down": {"uv": [3.5, 8.5, 6, 11.5], "texture": "#2"}
			}
		},
		{
			"from": [-7.33242, 16.81728, 8.51032],
			"to": [-7.33242, 27.02377, 17.35595],
			"rotation": {"angle": -22.5, "axis": "y", "origin": [19.8849, 44.0346, 34.36678]},
			"faces": {
				"north": {"uv": [0, 0, 0, 1.5], "texture": "#0"},
				"east": {"uv": [4.5, 6, 7.5, 9.505], "texture": "#0"},
				"south": {"uv": [0, 0, 0, 1.5], "texture": "#0"},
				"west": {"uv": [0.5, 6, 3.5, 9.505], "texture": "#0"},
				"up": {"uv": [0, 0, 0, 1.5], "texture": "#0"},
				"down": {"uv": [0, 0, 0, 1.5], "texture": "#0"}
			}
		},
		{
			"from": [-7.33242, 16.81728, -1.35595],
			"to": [-7.33242, 27.02377, 7.48968],
			"rotation": {"angle": 22.5, "axis": "y", "origin": [19.8849, 44.0346, -18.36678]},
			"faces": {
				"north": {"uv": [0, 0, 0, 1.5], "texture": "#0"},
				"east": {"uv": [0.5, 6, 3.5, 9.505], "texture": "#0"},
				"south": {"uv": [0, 0, 0, 1.5], "texture": "#0"},
				"west": {"uv": [3.5, 6, 0.5, 9.5005], "texture": "#0"},
				"up": {"uv": [0, 1.5, 0, 0], "texture": "#0"},
				"down": {"uv": [0, 1.5, 0, 0], "texture": "#0"}
			}
		},
		{
			"from": [19.8849, -15.75845, 4.59783],
			"to": [25.83869, -8.95412, 11.40216],
			"rotation": {"angle": -22.5, "axis": "z", "origin": [47.10222, 11.45887, 31.81515]},
			"faces": {
				"north": {"uv": [0.5, 0, 2.5, 2.5], "texture": "#3"},
				"east": {"uv": [9.5, 0, 11.5, 2.5], "rotation": 90, "texture": "#3"},
				"south": {"uv": [0, 0, 2, 2.5], "texture": "#3"},
				"west": {"uv": [0, 0, 1, 1], "texture": "#3"},
				"up": {"uv": [13, 4, 15, 6.5], "texture": "#3"},
				"down": {"uv": [14, 0, 16, 2.5], "texture": "#3"}
			}
		},
		{
			"from": [17.16316, -5.21174, 5.44838],
			"to": [22.26641, -0.10849, 10.55162],
			"rotation": {"angle": 0, "axis": "y", "origin": [42.6794, 21.15504, 31.81515]},
			"faces": {
				"north": {"uv": [1, 0, 2, 1], "texture": "#3"},
				"east": {"uv": [0, 0, 1, 0.5], "texture": "#3"},
				"south": {"uv": [0.5, 0, 1.5, 1], "texture": "#3"},
				"west": {"uv": [0, 0, 0.75, 0.75], "texture": "#3"},
				"up": {"uv": [0, 0, 2, 1], "texture": "#3"},
				"down": {"uv": [11.5, 0, 14, 2.5], "texture": "#3"}
			}
		},
		{
			"from": [10.35883, 3.29367, 6.29892],
			"to": [13.761, 6.69584, 9.70108],
			"rotation": {"angle": 22.5, "axis": "z", "origin": [35.87507, 28.80991, 31.81515]},
			"faces": {
				"north": {"uv": [0, 0, 0.5, 0.5], "texture": "#3"},
				"east": {"uv": [0, 0, 0.5, 0.5], "texture": "#3"},
				"south": {"uv": [0, 0, 0.5, 0.5], "texture": "#3"},
				"west": {"uv": [0, 0, 0.5, 0.5], "texture": "#3"},
				"up": {"uv": [0, 0, 0.5, 0.5], "texture": "#3"},
				"down": {"uv": [0, 0, 0.5, 0.5], "texture": "#3"}
			}
		},
		{
			"from": [-9.20361, 7.37627, 12.25271],
			"to": [-1.54874, 10.77843, 15.65487],
			"rotation": {"angle": 22.5, "axis": "z", "origin": [9.50829, 34.59359, 32.6657]},
			"faces": {
				"north": {"uv": [0, 4.5, 2.5, 5.5], "texture": "#3"},
				"east": {"uv": [0, 0, 0.5, 0.5], "texture": "#3"},
				"south": {"uv": [0, 3.5, 2.5, 4.5], "texture": "#3"},
				"west": {"uv": [0, 3.5, 0.5, 4.5], "texture": "#3"},
				"up": {"uv": [2.5, 3.5, 5, 4.5], "texture": "#3"},
				"down": {"uv": [2.5, 4.5, 5, 5.5], "texture": "#3"}
			}
		},
		{
			"from": [-9.20361, 7.37627, 0.34513],
			"to": [-1.54874, 10.77843, 3.74729],
			"rotation": {"angle": 22.5, "axis": "z", "origin": [9.50829, 34.59359, 20.75812]},
			"faces": {
				"north": {"uv": [0, 4.5, 2.5, 5.5], "texture": "#3"},
				"east": {"uv": [0, 0, 0.5, 0.5], "texture": "#3"},
				"south": {"uv": [0, 3.5, 2.5, 4.5], "texture": "#3"},
				"west": {"uv": [0, 3.5, 0.5, 4.5], "texture": "#3"},
				"up": {"uv": [2.5, 3.5, 5, 4.5], "texture": "#3"},
				"down": {"uv": [2.5, 4.5, 5, 5.5], "texture": "#3"}
			}
		},
		{
			"from": [8.82786, -4.10604, 12.25271],
			"to": [15.63219, 2.69829, 15.65487],
			"rotation": {"angle": 0, "axis": "y", "origin": [32.64302, 23.11128, 42.02165]},
			"faces": {
				"north": {"uv": [0, 0, 2.5, 2.5], "texture": "#3"},
				"east": {"uv": [0, 0, 1.5, 2.5], "texture": "#3"},
				"south": {"uv": [0, 0, 2.5, 2.5], "texture": "#3"},
				"west": {"uv": [1, 0, 2.5, 2.5], "texture": "#3"},
				"up": {"uv": [0, 0, 1, 0.5], "texture": "#3"},
				"down": {"uv": [0, 1, 2.5, 2.5], "rotation": 180, "texture": "#3"}
			}
		},
		{
			"from": [-5.29112, -0.36366, 12.25271],
			"to": [0.66266, 1.7627, 15.65487],
			"rotation": {"angle": 22.5, "axis": "z", "origin": [18.52403, 26.85366, 42.02165]},
			"faces": {
				"north": {"uv": [0, 8.5, 2.5, 9.5], "texture": "#3"},
				"east": {"uv": [0, 9.5, 1.5, 10.5], "texture": "#3"},
				"south": {"uv": [1.5, 7.5, 4, 8.5], "texture": "#3"},
				"west": {"uv": [0, 7.5, 1.5, 8.5], "texture": "#3"},
				"up": {"uv": [0, 13, 2.5, 14.5], "texture": "#3"},
				"down": {"uv": [0, 14.5, 2.5, 16], "texture": "#3"}
			}
		},
		{
			"from": [8.82786, -4.10604, 0.34513],
			"to": [15.63219, 2.69829, 3.74729],
			"rotation": {"angle": 0, "axis": "y", "origin": [32.64302, 23.11128, 30.11407]},
			"faces": {
				"north": {"uv": [0, 0, 2.5, 2.5], "texture": "#3"},
				"east": {"uv": [1, 0, 2.5, 2.5], "texture": "#3"},
				"south": {"uv": [0, 0, 2.5, 2.5], "texture": "#3"},
				"west": {"uv": [0, 0, 1.5, 2.5], "texture": "#3"},
				"up": {"uv": [0, 0, 1, 0.5], "texture": "#3"},
				"down": {"uv": [0, 1, 2.5, 2.5], "texture": "#3"}
			}
		},
		{
			"from": [-5.29112, -0.36366, 0.34513],
			"to": [0.66266, 1.7627, 3.74729],
			"rotation": {"angle": 22.5, "axis": "z", "origin": [18.52403, 26.85366, 30.11407]},
			"faces": {
				"north": {"uv": [0, 8.5, 2.5, 9.5], "texture": "#3"},
				"east": {"uv": [0, 9.5, 1.5, 10.5], "texture": "#3"},
				"south": {"uv": [1.5, 7.5, 4, 8.5], "texture": "#3"},
				"west": {"uv": [0, 7.5, 1.5, 8.5], "texture": "#3"},
				"up": {"uv": [0, 13, 2.5, 14.5], "texture": "#3"},
				"down": {"uv": [0, 14.5, 2.5, 16], "texture": "#3"}
			}
		},
		{
			"from": [18.86425, 16.73222, 10.55162],
			"to": [31.62237, 24.38709, 10.55162],
			"rotation": {"angle": 22.5, "axis": "z", "origin": [45.23103, -2.83023, 28.41299]},
			"faces": {
				"north": {"uv": [0.5, 0.5, 3, 4.5], "rotation": 270, "texture": "#1"},
				"east": {"uv": [0, 0, 1.125, 0], "rotation": 90, "texture": "#1"},
				"south": {"uv": [0.5, 5, 3, 9], "rotation": 270, "texture": "#1"},
				"west": {"uv": [0, 0, 1.125, 0], "rotation": 90, "texture": "#1"},
				"up": {"uv": [0, 0, 0, 1.875], "rotation": 90, "texture": "#1"},
				"down": {"uv": [0, 0, 0, 1.875], "rotation": 90, "texture": "#1"}
			}
		},
		{
			"from": [18.86425, 16.73222, 5.44838],
			"to": [31.62237, 24.38709, 5.44838],
			"rotation": {"angle": 22.5, "axis": "z", "origin": [45.23103, -2.83023, 23.30974]},
			"faces": {
				"north": {"uv": [0.5, 0.5, 3, 4.5], "rotation": 270, "texture": "#1"},
				"east": {"uv": [0, 0, 1.125, 0], "rotation": 90, "texture": "#1"},
				"south": {"uv": [0.5, 5, 3, 9], "rotation": 270, "texture": "#1"},
				"west": {"uv": [0, 0, 1.125, 0], "rotation": 90, "texture": "#1"},
				"up": {"uv": [0, 0, 0, 1.875], "rotation": 90, "texture": "#1"},
				"down": {"uv": [0, 0, 0, 1.875], "rotation": 90, "texture": "#1"}
			}
		},
		{
			"from": [-11.2375, 7.69622, 1.24827],
			"to": [-10.38696, 12.88452, 2.09881],
			"rotation": {"angle": 22.5, "axis": "z", "origin": [13.4282, 39.21245, 28.46559]},
			"faces": {
				"north": {"uv": [0, 2, 0.5, 5], "texture": "#4"},
				"east": {"uv": [0, 2, 0.5, 5], "texture": "#4"},
				"south": {"uv": [0, 2, 0.5, 5], "texture": "#4"},
				"west": {"uv": [0, 2, 0.5, 5], "texture": "#4"},
				"up": {"uv": [0, 2.5, 0.5, 3], "texture": "#4"},
				"down": {"uv": [0, 2.5, 0.5, 3], "texture": "#4"}
			}
		},
		{
			"from": [-12.59836, 12.96957, 1.24827],
			"to": [-9.1962, 16.37174, 2.09881],
			"rotation": {"angle": 22.5, "axis": "z", "origin": [13.76841, 39.38256, 28.46559]},
			"faces": {
				"north": {"uv": [0, 0, 1.5, 1.5], "texture": "#4"},
				"east": {"uv": [0, 0, 0.125, 0.5], "texture": "#4"},
				"south": {"uv": [0, 0, 1.5, 1.5], "texture": "#4"},
				"west": {"uv": [1, 0, 1.5, 1.5], "texture": "#4"},
				"up": {"uv": [0, 0, 0.5, 0.125], "texture": "#4"},
				"down": {"uv": [0, 0, 0.5, 0.125], "texture": "#4"}
			}
		}
	],
	"display": {
		"thirdperson_righthand": {
			"rotation": [90, -90, 0],
			"translation": [-6, -14.25, 13.5],
			"scale": [2.2, 2.2, 2.2]
		},
		"firstperson_righthand": {
			"translation": [3.5, 5, 0]
		},
		"firstperson_lefthand": {
			"rotation": [0, -180, 0],
			"translation": [3.25, 6, 0.75]
		},
		"ground": {
			"translation": [0, 5, 0]
		},
		"gui": {
			"rotation": [18, 144, 0],
			"translation": [-0.5, 4.5, 0],
			"scale": [1.3, 1.3, 1.3]
		},
		"fixed": {
			"translation": [0.25, 7, 0],
			"scale": [2, 2, 2]
		}
	},
	"groups": [0, 1,
		{
			"name": "Horns",
			"origin": [9.5, 14.575, 0.25],
			"children": [2, 3]
		},
		{
			"name": "Tail",
			"origin": [14.2, 10.1, 15],
			"children": [4, 5, 6]
		},
		{
			"name": "Paws",
			"origin": [12.5, 7.925, 14.5],
			"children": [7, 8, 9, 10, 11, 12]
		},
		{
			"name": "Wings",
			"origin": [16.95, 0.8, 12.5],
			"children": [13, 14]
		}, 15, 16]
}
