{
	"credit": "Made with Blockbench",
	"texture_size": [32, 32],
	"textures": {
		"0": "blocks/frozen/horns",
		"1": "blocks/frozen/wings",
		"2": "blocks/frozen/dragon",
		"3": "blocks/frozen/paws and tail",
		"4": "blocks/frozen/ice",
		"particle": "blocks/frozen/ice"
	},
	"elements": [
		{
			"name": "Head",
			"from": [-0.52956, 8.05935, 2.89587],
			"to": [9.67869, 18.2676, 13.10413],
			"rotation": {"angle": 0, "axis": "y", "origin": [26.69244, 35.28135, 30.11788]},
			"faces": {
				"north": {"uv": [3.5, 0, 7, 3.5], "texture": "#2"},
				"east": {"uv": [12, 0, 15.5, 3.5], "texture": "#2"},
				"south": {"uv": [7, 0, 10.5, 3.5], "texture": "#2"},
				"west": {"uv": [0, 0, 3.5, 3.5], "texture": "#2"},
				"up": {"uv": [0, 3.5, 3.5, 7], "texture": "#2"},
				"down": {"uv": [12.5, 4, 16, 7.5], "texture": "#2"}
			}
		},
		{
			"name": "Body",
			"from": [12.06061, 6.52811, 3.74656],
			"to": [19.7168, 20.9898, 12.25344],
			"rotation": {"angle": 22.5, "axis": "z", "origin": [38.43193, -6.2322, 30.11788]},
			"faces": {
				"north": {"uv": [0, 11.5, 5, 14.5], "rotation": 270, "texture": "#2"},
				"east": {"uv": [5, 11.5, 10, 14.5], "rotation": 90, "texture": "#2"},
				"south": {"uv": [5, 8.5, 10, 11.5], "rotation": 90, "texture": "#2"},
				"west": {"uv": [0, 8.5, 5, 11.5], "rotation": 90, "texture": "#2"},
				"up": {"uv": [0, 8.5, 1.5, 11.5], "rotation": 90, "texture": "#2"},
				"down": {"uv": [3.5, 8.5, 6, 11.5], "texture": "#2"}
			}
		},
		{
			"from": [-7.33506, 16.82143, 8.51041],
			"to": [-7.33506, 26.99017, 17.35756],
			"rotation": {"angle": -22.5, "axis": "y", "origin": [19.88694, 44.04343, 34.37131]},
			"faces": {
				"north": {"uv": [0, 0, 0, 1.5], "texture": "#0"},
				"east": {"uv": [4.5, 6, 7.5, 9.505], "texture": "#0"},
				"south": {"uv": [0, 0, 0, 1.5], "texture": "#0"},
				"west": {"uv": [0.5, 6, 3.5, 9.505], "texture": "#0"},
				"up": {"uv": [0, 0, 0, 1.5], "texture": "#0"},
				"down": {"uv": [0, 0, 0, 1.5], "texture": "#0"}
			}
		},
		{
			"from": [-7.33506, 16.82143, -1.35756],
			"to": [-7.33506, 26.99017, 7.48959],
			"rotation": {"angle": 22.5, "axis": "y", "origin": [19.88694, 44.04343, -18.37131]},
			"faces": {
				"north": {"uv": [0, 0, 0, 1.5], "texture": "#0"},
				"east": {"uv": [0.5, 6, 3.5, 9.505], "texture": "#0"},
				"south": {"uv": [0, 0, 0, 1.5], "texture": "#0"},
				"west": {"uv": [3.5, 6, 0.5, 9.5005], "texture": "#0"},
				"up": {"uv": [0, 1.5, 0, 0], "texture": "#0"},
				"down": {"uv": [0, 1.5, 0, 0], "texture": "#0"}
			}
		},
		{
			"from": [19.88694, -15.7599, 4.59725],
			"to": [25.84175, -8.9544, 11.40275],
			"rotation": {"angle": -22.5, "axis": "z", "origin": [47.10894, 11.4621, 31.81925]},
			"faces": {
				"north": {"uv": [0.5, 0, 2.5, 2.5], "texture": "#3"},
				"east": {"uv": [9.5, 0, 11.5, 2.5], "rotation": 90, "texture": "#3"},
				"south": {"uv": [0, 0, 2, 2.5], "texture": "#3"},
				"west": {"uv": [0, 0, 1, 1], "texture": "#3"},
				"up": {"uv": [13, 4, 15, 6.5], "texture": "#3"},
				"down": {"uv": [14, 0, 16, 2.5], "texture": "#3"}
			}
		},
		{
			"from": [17.16474, -5.21138, 5.44794],
			"to": [22.26886, -0.10725, 10.55206],
			"rotation": {"angle": 0, "axis": "y", "origin": [42.68537, 21.15993, 31.81925]},
			"faces": {
				"north": {"uv": [1, 0, 2, 1], "texture": "#3"},
				"east": {"uv": [0, 0, 1, 0.5], "texture": "#3"},
				"south": {"uv": [0.5, 0, 1.5, 1], "texture": "#3"},
				"west": {"uv": [0, 0, 0.75, 0.75], "texture": "#3"},
				"up": {"uv": [0, 0, 2, 1], "texture": "#3"},
				"down": {"uv": [11.5, 0, 14, 2.5], "texture": "#3"}
			}
		},
		{
			"from": [10.35924, 3.2955, 6.29862],
			"to": [13.76199, 6.69825, 9.70137],
			"rotation": {"angle": 22.5, "axis": "z", "origin": [35.87987, 28.81612, 31.81925]},
			"faces": {
				"north": {"uv": [0, 0, 0.5, 0.5], "texture": "#3"},
				"east": {"uv": [0, 0, 0.5, 0.5], "texture": "#3"},
				"south": {"uv": [0, 0, 0.5, 0.5], "texture": "#3"},
				"west": {"uv": [0, 0, 0.5, 0.5], "texture": "#3"},
				"up": {"uv": [0, 0, 0.5, 0.5], "texture": "#3"},
				"down": {"uv": [0, 0, 0.5, 0.5], "texture": "#3"}
			}
		},
		{
			"from": [-9.20657, 7.3788, 12.25344],
			"to": [-1.55038, 10.78155, 15.65619],
			"rotation": {"angle": 22.5, "axis": "z", "origin": [9.50855, 34.6008, 32.66994]},
			"faces": {
				"north": {"uv": [0, 4.5, 2.5, 5.5], "texture": "#3"},
				"east": {"uv": [0, 0, 0.5, 0.5], "texture": "#3"},
				"south": {"uv": [0, 3.5, 2.5, 4.5], "texture": "#3"},
				"west": {"uv": [0, 3.5, 0.5, 4.5], "texture": "#3"},
				"up": {"uv": [2.5, 3.5, 5, 4.5], "texture": "#3"},
				"down": {"uv": [2.5, 4.5, 5, 5.5], "texture": "#3"}
			}
		},
		{
			"from": [-9.20657, 7.3788, 0.34381],
			"to": [-1.55038, 10.78155, 3.74656],
			"rotation": {"angle": 22.5, "axis": "z", "origin": [9.50855, 34.6008, 20.76031]},
			"faces": {
				"north": {"uv": [0, 4.5, 2.5, 5.5], "texture": "#3"},
				"east": {"uv": [0, 0, 0.5, 0.5], "texture": "#3"},
				"south": {"uv": [0, 3.5, 2.5, 4.5], "texture": "#3"},
				"west": {"uv": [0, 3.5, 0.5, 4.5], "texture": "#3"},
				"up": {"uv": [2.5, 3.5, 5, 4.5], "texture": "#3"},
				"down": {"uv": [2.5, 4.5, 5, 5.5], "texture": "#3"}
			}
		},
		{
			"from": [8.828, -4.10549, 12.25344],
			"to": [15.6335, 2.70001, 15.65619],
			"rotation": {"angle": 0, "axis": "y", "origin": [32.64725, 23.11651, 42.0275]},
			"faces": {
				"north": {"uv": [0, 0, 2.5, 2.5], "texture": "#3"},
				"east": {"uv": [0, 0, 1.5, 2.5], "texture": "#3"},
				"south": {"uv": [0, 0, 2.5, 2.5], "texture": "#3"},
				"west": {"uv": [1, 0, 2.5, 2.5], "texture": "#3"},
				"up": {"uv": [0, 0, 1, 0.5], "texture": "#3"},
				"down": {"uv": [0, 1, 2.5, 2.5], "rotation": 180, "texture": "#3"}
			}
		},
		{
			"from": [-5.29341, -0.36246, 12.25344],
			"to": [0.6614, 1.76426, 15.65619],
			"rotation": {"angle": 22.5, "axis": "z", "origin": [18.52584, 26.85954, 42.0275]},
			"faces": {
				"north": {"uv": [0, 8.5, 2.5, 9.5], "texture": "#3"},
				"east": {"uv": [0, 9.5, 1.5, 10.5], "texture": "#3"},
				"south": {"uv": [1.5, 7.5, 4, 8.5], "texture": "#3"},
				"west": {"uv": [0, 7.5, 1.5, 8.5], "texture": "#3"},
				"up": {"uv": [0, 13, 2.5, 14.5], "texture": "#3"},
				"down": {"uv": [0, 14.5, 2.5, 16], "texture": "#3"}
			}
		},
		{
			"from": [8.828, -4.10549, 0.34381],
			"to": [15.6335, 2.70001, 3.74656],
			"rotation": {"angle": 0, "axis": "y", "origin": [32.64725, 23.11651, 30.11788]},
			"faces": {
				"north": {"uv": [0, 0, 2.5, 2.5], "texture": "#3"},
				"east": {"uv": [1, 0, 2.5, 2.5], "texture": "#3"},
				"south": {"uv": [0, 0, 2.5, 2.5], "texture": "#3"},
				"west": {"uv": [0, 0, 1.5, 2.5], "texture": "#3"},
				"up": {"uv": [0, 0, 1, 0.5], "texture": "#3"},
				"down": {"uv": [0, 1, 2.5, 2.5], "texture": "#3"}
			}
		},
		{
			"from": [-5.29341, -0.36246, 0.34381],
			"to": [0.6614, 1.76426, 3.74656],
			"rotation": {"angle": 22.5, "axis": "z", "origin": [18.52584, 26.85954, 30.11788]},
			"faces": {
				"north": {"uv": [0, 8.5, 2.5, 9.5], "texture": "#3"},
				"east": {"uv": [0, 9.5, 1.5, 10.5], "texture": "#3"},
				"south": {"uv": [1.5, 7.5, 4, 8.5], "texture": "#3"},
				"west": {"uv": [0, 7.5, 1.5, 8.5], "texture": "#3"},
				"up": {"uv": [0, 13, 2.5, 14.5], "texture": "#3"},
				"down": {"uv": [0, 14.5, 2.5, 16], "texture": "#3"}
			}
		},
		{
			"from": [18.86611, 16.73636, 10.55206],
			"to": [31.62643, 24.39255, 10.55206],
			"rotation": {"angle": 22.5, "axis": "z", "origin": [45.23743, -2.82945, 28.4165]},
			"faces": {
				"north": {"uv": [0.5, 0.5, 3, 4.5], "rotation": 270, "texture": "#1"},
				"east": {"uv": [0, 0, 1.125, 0], "rotation": 90, "texture": "#1"},
				"south": {"uv": [0.5, 5, 3, 9], "rotation": 270, "texture": "#1"},
				"west": {"uv": [0, 0, 1.125, 0], "rotation": 90, "texture": "#1"},
				"up": {"uv": [0, 0, 0, 1.875], "rotation": 90, "texture": "#1"},
				"down": {"uv": [0, 0, 0, 1.875], "rotation": 90, "texture": "#1"}
			}
		},
		{
			"from": [18.86611, 16.73636, 5.44794],
			"to": [31.62643, 24.39255, 5.44794],
			"rotation": {"angle": 22.5, "axis": "z", "origin": [45.23743, -2.82945, 23.31238]},
			"faces": {
				"north": {"uv": [0.5, 0.5, 3, 4.5], "rotation": 270, "texture": "#1"},
				"east": {"uv": [0, 0, 1.125, 0], "rotation": 90, "texture": "#1"},
				"south": {"uv": [0.5, 5, 3, 9], "rotation": 270, "texture": "#1"},
				"west": {"uv": [0, 0, 1.125, 0], "rotation": 90, "texture": "#1"},
				"up": {"uv": [0, 0, 0, 1.875], "rotation": 90, "texture": "#1"},
				"down": {"uv": [0, 0, 0, 1.875], "rotation": 90, "texture": "#1"}
			}
		},
		{
			"from": [0.80423, 16.98234, 16.70541],
			"to": [3.52643, 20.72536, 20.10816],
			"rotation": {"angle": 0, "axis": "y", "origin": [-23.69557, 44.54461, 44.92741]},
			"faces": {
				"north": {"uv": [0, 2, 1, 3.5], "texture": "#4"},
				"east": {"uv": [0, 2, 1, 3.5], "texture": "#4"},
				"south": {"uv": [0, 2, 1, 3.5], "texture": "#4"},
				"west": {"uv": [0, 2, 1, 3.5], "texture": "#4"},
				"up": {"uv": [0, 0, 0.5, 0.4], "rotation": 90, "texture": "#4"},
				"down": {"uv": [0, 0, 0.5, 0.4], "rotation": 270, "texture": "#4"}
			}
		},
		{
			"from": [10.25645, 3.13519, -3.99671],
			"to": [13.6592, 6.87821, -1.27451],
			"rotation": {"angle": 0, "axis": "y", "origin": [37.47845, 35.69746, 23.22529]},
			"faces": {
				"north": {"uv": [0, 2, 1, 3.5], "texture": "#4"},
				"east": {"uv": [0, 2, 1, 3.5], "texture": "#4"},
				"south": {"uv": [0, 2, 1, 3.5], "texture": "#4"},
				"west": {"uv": [0, 2, 1, 3.5], "texture": "#4"},
				"up": {"uv": [0, 0, 0.5, 0.4], "texture": "#4"},
				"down": {"uv": [0, 0, 0.5, 0.4], "texture": "#4"}
			}
		}
	],
	"display": {
		"thirdperson_righthand": {
			"rotation": [90, -90, 0],
			"translation": [-6, -17, 13.5],
			"scale": [2.2, 2.2, 2.2]
		},
		"firstperson_righthand": {
			"translation": [3.5, 5, 0]
		},
		"firstperson_lefthand": {
			"rotation": [0, -180, 0],
			"translation": [3.25, 6, 0.75]
		},
		"ground": {
			"translation": [0, 5, 0]
		},
		"gui": {
			"rotation": [18, 144, 0],
			"translation": [-1.5, 6, 0],
			"scale": [1.3, 1.3, 1.3]
		},
		"fixed": {
			"translation": [2, 8.25, 0],
			"scale": [2, 2, 2]
		}
	},
	"groups": [0, 1,
		{
			"name": "Horns",
			"origin": [9.5, 14.575, 0.25],
			"children": [2, 3]
		},
		{
			"name": "Tail",
			"origin": [14.2, 10.1, 15],
			"children": [4, 5, 6]
		},
		{
			"name": "Paws",
			"origin": [12.5, 7.925, 14.5],
			"children": [7, 8, 9, 10, 11, 12]
		},
		{
			"name": "Wings",
			"origin": [16.95, 0.8, 12.5],
			"children": [13, 14]
		}, 15, 16]
}
